Resistance Fitness Multiplier,Introduction Frequency,Generations to 99% drive-carrying individuals
0.0,0.5,1000
0.0,0.51,1000
0.0,0.52,1000
0.0,0.53,1000
0.0,0.54,1000
0.0,0.55,1000
0.0,0.56,1000
0.0,0.57,1000
0.0,0.58,1000
0.0,0.59,1000
0.0,0.6,23.0
0.0,0.61,18.0
0.0,0.62,18.5
0.0,0.63,14.5
0.0,0.64,13.0
0.0,0.65,11.833
0.0,0.66,11.2
0.0,0.67,10.5
0.0,0.68,10.333
0.0,0.69,9.1667
0.0,0.7,9.0
0.0,0.71,8.8571
0.0,0.72,8.3333
0.0,0.73,8.0
0.0,0.74,7.75
0.0,0.75,7.5
0.0,0.76,7.1667
0.0,0.77,7.25
0.0,0.78,7.6
0.0,0.79,6.7143
0.0,0.8,6.5
0.0,0.81,6.8
0.0,0.82,6.0
0.0,0.83,5.0
0.0,0.84,5.3333
0.0,0.85,5.6
0.0,0.86,5.2
0.0,0.87,5.0
0.0,0.88,5.5
0.0,0.89,5.0
0.0,0.9,5.0
0.0,0.91,4.1667
0.0,0.92,4.25
0.0,0.93,4.2222
0.0,0.94,4.25
0.0,0.95,4.0
0.0,0.96,3.5
0.0,0.97,1000
0.0,0.98,2.0
0.0,0.99,2.2
0.0,1.0,2.0
0.01,0.5,1000
0.01,0.51,1000
0.01,0.52,1000
0.01,0.53,1000
0.01,0.54,1000
0.01,0.55,1000
0.01,0.56,25.0
0.01,0.57,29.167
0.01,0.58,24.111
0.01,0.59,21.1
0.01,0.6,19.1
0.01,0.61,17.5
0.01,0.62,17.111
0.01,0.63,17.4
0.01,0.64,16.0
0.01,0.65,16.111
0.01,0.66,14.6
0.01,0.67,13.778
0.01,0.68,14.1
0.01,0.69,14.3
0.01,0.7,13.8
0.01,0.71,12.5
0.01,0.72,12.2
0.01,0.73,13.6
0.01,0.74,12.2
0.01,0.75,12.5
0.01,0.76,12.6
0.01,0.77,12.5
0.01,0.78,11.778
0.01,0.79,11.6
0.01,0.8,11.5
0.01,0.81,11.5
0.01,0.82,10.9
0.01,0.83,10.5
0.01,0.84,10.8
0.01,0.85,10.667
0.01,0.86,10.0
0.01,0.87,10.9
0.01,0.88,9.7
0.01,0.89,9.1
0.01,0.9,9.6
0.01,0.91,10.3
0.01,0.92,9.4
0.01,0.93,9.2
0.01,0.94,8.4
0.01,0.95,8.8
0.01,0.96,8.9
0.01,0.97,9.1
0.01,0.98,9.1
0.01,0.99,9.0
0.01,1.0,7.9
0.02,0.5,1000
0.02,0.51,1000
0.02,0.52,1000
0.02,0.53,1000
0.02,0.54,33.0
0.02,0.55,31.0
0.02,0.56,28.75
0.02,0.57,26.2
0.02,0.58,24.8
0.02,0.59,24.9
0.02,0.6,23.9
0.02,0.61,23.0
0.02,0.62,21.4
0.02,0.63,22.0
0.02,0.64,21.2
0.02,0.65,19.6
0.02,0.66,20.1
0.02,0.67,20.0
0.02,0.68,21.2
0.02,0.69,19.2
0.02,0.7,18.2
0.02,0.71,19.0
0.02,0.72,20.0
0.02,0.73,18.4
0.02,0.74,17.3
0.02,0.75,18.0
0.02,0.76,16.7
0.02,0.77,16.9
0.02,0.78,19.2
0.02,0.79,16.6
0.02,0.8,16.8
0.02,0.81,16.8
0.02,0.82,16.9
0.02,0.83,16.5
0.02,0.84,16.7
0.02,0.85,18.333
0.02,0.86,16.2
0.02,0.87,14.4
0.02,0.88,15.4
0.02,0.89,15.3
0.02,0.9,13.5
0.02,0.91,15.2
0.02,0.92,15.0
0.02,0.93,13.5
0.02,0.94,14.8
0.02,0.95,14.4
0.02,0.96,13.5
0.02,0.97,13.5
0.02,0.98,12.5
0.02,0.99,11.9
0.02,1.0,14.0
0.03,0.5,1000
0.03,0.51,1000
0.03,0.52,1000
0.03,0.53,1000
0.03,0.54,45.125
0.03,0.55,39.667
0.03,0.56,36.7
0.03,0.57,37.5
0.03,0.58,34.4
0.03,0.59,35.8
0.03,0.6,31.1
0.03,0.61,35.0
0.03,0.62,32.7
0.03,0.63,32.1
0.03,0.64,35.4
0.03,0.65,33.5
0.03,0.66,30.7
0.03,0.67,29.8
0.03,0.68,33.0
0.03,0.69,29.9
0.03,0.7,30.4
0.03,0.71,30.2
0.03,0.72,27.7
0.03,0.73,29.7
0.03,0.74,31.0
0.03,0.75,29.3
0.03,0.76,29.2
0.03,0.77,30.1
0.03,0.78,29.2
0.03,0.79,32.0
0.03,0.8,28.2
0.03,0.81,30.1
0.03,0.82,25.8
0.03,0.83,27.7
0.03,0.84,25.3
0.03,0.85,27.2
0.03,0.86,30.3
0.03,0.87,24.7
0.03,0.88,28.6
0.03,0.89,27.1
0.03,0.9,28.2
0.03,0.91,23.2
0.03,0.92,26.2
0.03,0.93,26.9
0.03,0.94,26.0
0.03,0.95,25.8
0.03,0.96,24.5
0.03,0.97,24.0
0.03,0.98,26.0
0.03,0.99,24.6
0.03,1.0,23.1
0.04,0.5,1000
0.04,0.51,1000
0.04,0.52,1000
0.04,0.53,87.0
0.04,0.54,87.0
0.04,0.55,58.0
0.04,0.56,94.5
0.04,0.57,69.0
0.04,0.58,90.0
0.04,0.59,83.0
0.04,0.6,81.0
0.04,0.61,76.667
0.04,0.62,85.333
0.04,0.63,97.5
0.04,0.64,88.0
0.04,0.65,87.0
0.04,0.66,83.5
0.04,0.67,80.0
0.04,0.68,83.0
0.04,0.69,64.0
0.04,0.7,50.0
0.04,0.71,500
0.04,0.72,75.5
0.04,0.73,81.75
0.04,0.74,72.333
0.04,0.75,66.667
0.04,0.76,72.5
0.04,0.77,78.25
0.04,0.78,80.5
0.04,0.79,80.0
0.04,0.8,93.0
0.04,0.81,75.25
0.04,0.82,68.0
0.04,0.83,98.0
0.04,0.84,72.25
0.04,0.85,91.0
0.04,0.86,80.5
0.04,0.87,74.5
0.04,0.88,85.0
0.04,0.89,80.5
0.04,0.9,77.0
0.04,0.91,80.0
0.04,0.92,91.0
0.04,0.93,93.0
0.04,0.94,77.75
0.04,0.95,500
0.04,0.96,80.0
0.04,0.97,85.5
0.04,0.98,63.667
0.04,0.99,67.5
0.04,1.0,77.0
0.05,0.5,1000
0.05,0.51,500
0.05,0.52,500
0.05,0.53,500
0.05,0.54,500
0.05,0.55,500
0.05,0.56,500
0.05,0.57,500
0.05,0.58,500
0.05,0.59,500
0.05,0.6,500
0.05,0.61,500
0.05,0.62,500
0.05,0.63,500
0.05,0.64,500
0.05,0.65,500
0.05,0.66,500
0.05,0.67,500
0.05,0.68,500
0.05,0.69,500
0.05,0.7,500
0.05,0.71,500
0.05,0.72,500
0.05,0.73,500
0.05,0.74,500
0.05,0.75,500
0.05,0.76,500
0.05,0.77,500
0.05,0.78,500
0.05,0.79,500
0.05,0.8,500
0.05,0.81,500
0.05,0.82,500
0.05,0.83,500
0.05,0.84,500
0.05,0.85,500
0.05,0.86,500
0.05,0.87,500
0.05,0.88,500
0.05,0.89,500
0.05,0.9,500
0.05,0.91,500
0.05,0.92,500
0.05,0.93,500
0.05,0.94,500
0.05,0.95,500
0.05,0.96,500
0.05,0.97,500
0.05,0.98,500
0.05,0.99,500
0.05,1.0,500
0.06,0.5,1000
0.06,0.51,500
0.06,0.52,500
0.06,0.53,500
0.06,0.54,500
0.06,0.55,500
0.06,0.56,500
0.06,0.57,500
0.06,0.58,500
0.06,0.59,500
0.06,0.6,500
0.06,0.61,500
0.06,0.62,500
0.06,0.63,500
0.06,0.64,500
0.06,0.65,500
0.06,0.66,500
0.06,0.67,500
0.06,0.68,500
0.06,0.69,500
0.06,0.7,500
0.06,0.71,500
0.06,0.72,500
0.06,0.73,500
0.06,0.74,500
0.06,0.75,500
0.06,0.76,500
0.06,0.77,500
0.06,0.78,500
0.06,0.79,500
0.06,0.8,500
0.06,0.81,500
0.06,0.82,500
0.06,0.83,500
0.06,0.84,500
0.06,0.85,500
0.06,0.86,500
0.06,0.87,500
0.06,0.88,500
0.06,0.89,500
0.06,0.9,500
0.06,0.91,500
0.06,0.92,500
0.06,0.93,500
0.06,0.94,500
0.06,0.95,500
0.06,0.96,500
0.06,0.97,500
0.06,0.98,500
0.06,0.99,500
0.06,1.0,500
0.07,0.5,500
0.07,0.51,500
0.07,0.52,500
0.07,0.53,500
0.07,0.54,500
0.07,0.55,500
0.07,0.56,500
0.07,0.57,500
0.07,0.58,500
0.07,0.59,500
0.07,0.6,500
0.07,0.61,500
0.07,0.62,500
0.07,0.63,500
0.07,0.64,500
0.07,0.65,500
0.07,0.66,500
0.07,0.67,500
0.07,0.68,500
0.07,0.69,500
0.07,0.7,500
0.07,0.71,500
0.07,0.72,500
0.07,0.73,500
0.07,0.74,500
0.07,0.75,500
0.07,0.76,500
0.07,0.77,500
0.07,0.78,500
0.07,0.79,500
0.07,0.8,500
0.07,0.81,500
0.07,0.82,500
0.07,0.83,500
0.07,0.84,500
0.07,0.85,500
0.07,0.86,500
0.07,0.87,500
0.07,0.88,500
0.07,0.89,500
0.07,0.9,500
0.07,0.91,500
0.07,0.92,500
0.07,0.93,500
0.07,0.94,500
0.07,0.95,500
0.07,0.96,500
0.07,0.97,500
0.07,0.98,500
0.07,0.99,500
0.07,1.0,500
0.08,0.5,500
0.08,0.51,500
0.08,0.52,500
0.08,0.53,500
0.08,0.54,500
0.08,0.55,500
0.08,0.56,500
0.08,0.57,500
0.08,0.58,500
0.08,0.59,500
0.08,0.6,500
0.08,0.61,500
0.08,0.62,500
0.08,0.63,500
0.08,0.64,500
0.08,0.65,500
0.08,0.66,500
0.08,0.67,500
0.08,0.68,500
0.08,0.69,500
0.08,0.7,500
0.08,0.71,500
0.08,0.72,500
0.08,0.73,500
0.08,0.74,500
0.08,0.75,500
0.08,0.76,500
0.08,0.77,500
0.08,0.78,500
0.08,0.79,500
0.08,0.8,500
0.08,0.81,500
0.08,0.82,500
0.08,0.83,500
0.08,0.84,500
0.08,0.85,500
0.08,0.86,500
0.08,0.87,500
0.08,0.88,500
0.08,0.89,500
0.08,0.9,500
0.08,0.91,500
0.08,0.92,500
0.08,0.93,500
0.08,0.94,500
0.08,0.95,500
0.08,0.96,500
0.08,0.97,500
0.08,0.98,500
0.08,0.99,500
0.08,1.0,500
0.09,0.5,500
0.09,0.51,500
0.09,0.52,500
0.09,0.53,500
0.09,0.54,500
0.09,0.55,500
0.09,0.56,500
0.09,0.57,500
0.09,0.58,500
0.09,0.59,500
0.09,0.6,500
0.09,0.61,500
0.09,0.62,500
0.09,0.63,500
0.09,0.64,500
0.09,0.65,500
0.09,0.66,500
0.09,0.67,500
0.09,0.68,500
0.09,0.69,500
0.09,0.7,500
0.09,0.71,500
0.09,0.72,500
0.09,0.73,500
0.09,0.74,500
0.09,0.75,500
0.09,0.76,500
0.09,0.77,500
0.09,0.78,500
0.09,0.79,500
0.09,0.8,500
0.09,0.81,500
0.09,0.82,500
0.09,0.83,500
0.09,0.84,500
0.09,0.85,500
0.09,0.86,500
0.09,0.87,500
0.09,0.88,500
0.09,0.89,500
0.09,0.9,500
0.09,0.91,500
0.09,0.92,500
0.09,0.93,500
0.09,0.94,500
0.09,0.95,500
0.09,0.96,500
0.09,0.97,500
0.09,0.98,500
0.09,0.99,500
0.09,1.0,500
0.1,0.5,500
0.1,0.51,500
0.1,0.52,500
0.1,0.53,500
0.1,0.54,500
0.1,0.55,500
0.1,0.56,500
0.1,0.57,500
0.1,0.58,500
0.1,0.59,500
0.1,0.6,500
0.1,0.61,500
0.1,0.62,500
0.1,0.63,500
0.1,0.64,500
0.1,0.65,500
0.1,0.66,500
0.1,0.67,500
0.1,0.68,500
0.1,0.69,500
0.1,0.7,500
0.1,0.71,500
0.1,0.72,500
0.1,0.73,500
0.1,0.74,500
0.1,0.75,500
0.1,0.76,500
0.1,0.77,500
0.1,0.78,500
0.1,0.79,500
0.1,0.8,500
0.1,0.81,500
0.1,0.82,500
0.1,0.83,500
0.1,0.84,500
0.1,0.85,500
0.1,0.86,500
0.1,0.87,500
0.1,0.88,500
0.1,0.89,500
0.1,0.9,500
0.1,0.91,500
0.1,0.92,500
0.1,0.93,500
0.1,0.94,500
0.1,0.95,500
0.1,0.96,500
0.1,0.97,500
0.1,0.98,500
0.1,0.99,500
0.1,1.0,500
0.11,0.5,500
0.11,0.51,500
0.11,0.52,500
0.11,0.53,500
0.11,0.54,500
0.11,0.55,500
0.11,0.56,500
0.11,0.57,500
0.11,0.58,500
0.11,0.59,500
0.11,0.6,500
0.11,0.61,500
0.11,0.62,500
0.11,0.63,500
0.11,0.64,500
0.11,0.65,500
0.11,0.66,500
0.11,0.67,500
0.11,0.68,500
0.11,0.69,500
0.11,0.7,500
0.11,0.71,500
0.11,0.72,500
0.11,0.73,500
0.11,0.74,500
0.11,0.75,500
0.11,0.76,500
0.11,0.77,500
0.11,0.78,500
0.11,0.79,500
0.11,0.8,500
0.11,0.81,500
0.11,0.82,500
0.11,0.83,500
0.11,0.84,500
0.11,0.85,500
0.11,0.86,500
0.11,0.87,500
0.11,0.88,500
0.11,0.89,500
0.11,0.9,500
0.11,0.91,500
0.11,0.92,500
0.11,0.93,500
0.11,0.94,500
0.11,0.95,500
0.11,0.96,500
0.11,0.97,500
0.11,0.98,500
0.11,0.99,500
0.11,1.0,500
0.12,0.5,500
0.12,0.51,500
0.12,0.52,500
0.12,0.53,500
0.12,0.54,500
0.12,0.55,500
0.12,0.56,500
0.12,0.57,500
0.12,0.58,500
0.12,0.59,500
0.12,0.6,500
0.12,0.61,500
0.12,0.62,500
0.12,0.63,500
0.12,0.64,500
0.12,0.65,500
0.12,0.66,500
0.12,0.67,500
0.12,0.68,500
0.12,0.69,500
0.12,0.7,500
0.12,0.71,500
0.12,0.72,500
0.12,0.73,500
0.12,0.74,500
0.12,0.75,500
0.12,0.76,500
0.12,0.77,500
0.12,0.78,500
0.12,0.79,500
0.12,0.8,500
0.12,0.81,500
0.12,0.82,500
0.12,0.83,500
0.12,0.84,500
0.12,0.85,500
0.12,0.86,500
0.12,0.87,500
0.12,0.88,500
0.12,0.89,500
0.12,0.9,500
0.12,0.91,500
0.12,0.92,500
0.12,0.93,500
0.12,0.94,500
0.12,0.95,500
0.12,0.96,500
0.12,0.97,500
0.12,0.98,500
0.12,0.99,500
0.12,1.0,500
0.13,0.5,500
0.13,0.51,500
0.13,0.52,500
0.13,0.53,500
0.13,0.54,500
0.13,0.55,500
0.13,0.56,500
0.13,0.57,500
0.13,0.58,500
0.13,0.59,500
0.13,0.6,500
0.13,0.61,500
0.13,0.62,500
0.13,0.63,500
0.13,0.64,500
0.13,0.65,500
0.13,0.66,500
0.13,0.67,500
0.13,0.68,500
0.13,0.69,500
0.13,0.7,500
0.13,0.71,500
0.13,0.72,500
0.13,0.73,500
0.13,0.74,500
0.13,0.75,500
0.13,0.76,500
0.13,0.77,500
0.13,0.78,500
0.13,0.79,500
0.13,0.8,500
0.13,0.81,500
0.13,0.82,500
0.13,0.83,500
0.13,0.84,500
0.13,0.85,500
0.13,0.86,500
0.13,0.87,500
0.13,0.88,500
0.13,0.89,500
0.13,0.9,500
0.13,0.91,500
0.13,0.92,500
0.13,0.93,500
0.13,0.94,500
0.13,0.95,500
0.13,0.96,500
0.13,0.97,500
0.13,0.98,500
0.13,0.99,500
0.13,1.0,500
0.14,0.5,500
0.14,0.51,500
0.14,0.52,500
0.14,0.53,500
0.14,0.54,500
0.14,0.55,500
0.14,0.56,500
0.14,0.57,500
0.14,0.58,500
0.14,0.59,500
0.14,0.6,500
0.14,0.61,500
0.14,0.62,500
0.14,0.63,500
0.14,0.64,500
0.14,0.65,500
0.14,0.66,500
0.14,0.67,500
0.14,0.68,500
0.14,0.69,500
0.14,0.7,500
0.14,0.71,500
0.14,0.72,500
0.14,0.73,500
0.14,0.74,500
0.14,0.75,500
0.14,0.76,500
0.14,0.77,500
0.14,0.78,500
0.14,0.79,500
0.14,0.8,500
0.14,0.81,500
0.14,0.82,500
0.14,0.83,500
0.14,0.84,500
0.14,0.85,500
0.14,0.86,500
0.14,0.87,500
0.14,0.88,500
0.14,0.89,500
0.14,0.9,500
0.14,0.91,500
0.14,0.92,500
0.14,0.93,500
0.14,0.94,500
0.14,0.95,500
0.14,0.96,500
0.14,0.97,500
0.14,0.98,500
0.14,0.99,500
0.14,1.0,500
0.15,0.5,500
0.15,0.51,500
0.15,0.52,500
0.15,0.53,500
0.15,0.54,500
0.15,0.55,500
0.15,0.56,500
0.15,0.57,500
0.15,0.58,500
0.15,0.59,500
0.15,0.6,500
0.15,0.61,500
0.15,0.62,500
0.15,0.63,500
0.15,0.64,500
0.15,0.65,500
0.15,0.66,500
0.15,0.67,500
0.15,0.68,500
0.15,0.69,500
0.15,0.7,500
0.15,0.71,500
0.15,0.72,500
0.15,0.73,500
0.15,0.74,500
0.15,0.75,500
0.15,0.76,500
0.15,0.77,500
0.15,0.78,500
0.15,0.79,500
0.15,0.8,500
0.15,0.81,500
0.15,0.82,500
0.15,0.83,500
0.15,0.84,500
0.15,0.85,500
0.15,0.86,500
0.15,0.87,500
0.15,0.88,500
0.15,0.89,500
0.15,0.9,500
0.15,0.91,500
0.15,0.92,500
0.15,0.93,500
0.15,0.94,500
0.15,0.95,500
0.15,0.96,500
0.15,0.97,500
0.15,0.98,500
0.15,0.99,500
0.15,1.0,500
0.16,0.5,500
0.16,0.51,500
0.16,0.52,500
0.16,0.53,500
0.16,0.54,500
0.16,0.55,500
0.16,0.56,500
0.16,0.57,500
0.16,0.58,500
0.16,0.59,500
0.16,0.6,500
0.16,0.61,500
0.16,0.62,500
0.16,0.63,500
0.16,0.64,500
0.16,0.65,500
0.16,0.66,500
0.16,0.67,500
0.16,0.68,500
0.16,0.69,500
0.16,0.7,500
0.16,0.71,500
0.16,0.72,500
0.16,0.73,500
0.16,0.74,500
0.16,0.75,500
0.16,0.76,500
0.16,0.77,500
0.16,0.78,500
0.16,0.79,500
0.16,0.8,500
0.16,0.81,500
0.16,0.82,500
0.16,0.83,500
0.16,0.84,500
0.16,0.85,500
0.16,0.86,500
0.16,0.87,500
0.16,0.88,500
0.16,0.89,500
0.16,0.9,500
0.16,0.91,500
0.16,0.92,500
0.16,0.93,500
0.16,0.94,500
0.16,0.95,500
0.16,0.96,500
0.16,0.97,500
0.16,0.98,500
0.16,0.99,500
0.16,1.0,500
0.17,0.5,500
0.17,0.51,500
0.17,0.52,500
0.17,0.53,500
0.17,0.54,500
0.17,0.55,500
0.17,0.56,500
0.17,0.57,500
0.17,0.58,500
0.17,0.59,500
0.17,0.6,500
0.17,0.61,500
0.17,0.62,500
0.17,0.63,500
0.17,0.64,500
0.17,0.65,500
0.17,0.66,500
0.17,0.67,500
0.17,0.68,500
0.17,0.69,500
0.17,0.7,500
0.17,0.71,500
0.17,0.72,500
0.17,0.73,500
0.17,0.74,500
0.17,0.75,500
0.17,0.76,500
0.17,0.77,500
0.17,0.78,500
0.17,0.79,500
0.17,0.8,500
0.17,0.81,500
0.17,0.82,500
0.17,0.83,500
0.17,0.84,500
0.17,0.85,500
0.17,0.86,500
0.17,0.87,500
0.17,0.88,500
0.17,0.89,500
0.17,0.9,500
0.17,0.91,500
0.17,0.92,500
0.17,0.93,500
0.17,0.94,500
0.17,0.95,500
0.17,0.96,500
0.17,0.97,500
0.17,0.98,500
0.17,0.99,500
0.17,1.0,500
0.18,0.5,500
0.18,0.51,500
0.18,0.52,500
0.18,0.53,500
0.18,0.54,500
0.18,0.55,500
0.18,0.56,500
0.18,0.57,500
0.18,0.58,500
0.18,0.59,500
0.18,0.6,500
0.18,0.61,500
0.18,0.62,500
0.18,0.63,500
0.18,0.64,500
0.18,0.65,500
0.18,0.66,500
0.18,0.67,500
0.18,0.68,500
0.18,0.69,500
0.18,0.7,500
0.18,0.71,500
0.18,0.72,500
0.18,0.73,500
0.18,0.74,500
0.18,0.75,500
0.18,0.76,500
0.18,0.77,500
0.18,0.78,500
0.18,0.79,500
0.18,0.8,500
0.18,0.81,500
0.18,0.82,500
0.18,0.83,500
0.18,0.84,500
0.18,0.85,500
0.18,0.86,500
0.18,0.87,500
0.18,0.88,500
0.18,0.89,500
0.18,0.9,500
0.18,0.91,500
0.18,0.92,500
0.18,0.93,500
0.18,0.94,500
0.18,0.95,500
0.18,0.96,500
0.18,0.97,500
0.18,0.98,500
0.18,0.99,500
0.18,1.0,500
0.19,0.5,500
0.19,0.51,500
0.19,0.52,500
0.19,0.53,500
0.19,0.54,500
0.19,0.55,500
0.19,0.56,500
0.19,0.57,500
0.19,0.58,500
0.19,0.59,500
0.19,0.6,500
0.19,0.61,500
0.19,0.62,500
0.19,0.63,500
0.19,0.64,500
0.19,0.65,500
0.19,0.66,500
0.19,0.67,500
0.19,0.68,500
0.19,0.69,500
0.19,0.7,500
0.19,0.71,500
0.19,0.72,500
0.19,0.73,500
0.19,0.74,500
0.19,0.75,500
0.19,0.76,500
0.19,0.77,500
0.19,0.78,500
0.19,0.79,500
0.19,0.8,500
0.19,0.81,500
0.19,0.82,500
0.19,0.83,500
0.19,0.84,500
0.19,0.85,500
0.19,0.86,500
0.19,0.87,500
0.19,0.88,500
0.19,0.89,500
0.19,0.9,500
0.19,0.91,500
0.19,0.92,500
0.19,0.93,500
0.19,0.94,500
0.19,0.95,500
0.19,0.96,500
0.19,0.97,500
0.19,0.98,500
0.19,0.99,500
0.19,1.0,500
0.2,0.5,500
0.2,0.51,500
0.2,0.52,500
0.2,0.53,500
0.2,0.54,500
0.2,0.55,500
0.2,0.56,500
0.2,0.57,500
0.2,0.58,500
0.2,0.59,500
0.2,0.6,500
0.2,0.61,500
0.2,0.62,500
0.2,0.63,500
0.2,0.64,500
0.2,0.65,500
0.2,0.66,500
0.2,0.67,500
0.2,0.68,500
0.2,0.69,500
0.2,0.7,500
0.2,0.71,500
0.2,0.72,500
0.2,0.73,500
0.2,0.74,500
0.2,0.75,500
0.2,0.76,500
0.2,0.77,500
0.2,0.78,500
0.2,0.79,500
0.2,0.8,500
0.2,0.81,500
0.2,0.82,500
0.2,0.83,500
0.2,0.84,500
0.2,0.85,500
0.2,0.86,500
0.2,0.87,500
0.2,0.88,500
0.2,0.89,500
0.2,0.9,500
0.2,0.91,500
0.2,0.92,500
0.2,0.93,500
0.2,0.94,500
0.2,0.95,500
0.2,0.96,500
0.2,0.97,500
0.2,0.98,500
0.2,0.99,500
0.2,1.0,500
0.21,0.5,500
0.21,0.51,500
0.21,0.52,500
0.21,0.53,500
0.21,0.54,500
0.21,0.55,500
0.21,0.56,500
0.21,0.57,500
0.21,0.58,500
0.21,0.59,500
0.21,0.6,500
0.21,0.61,500
0.21,0.62,500
0.21,0.63,500
0.21,0.64,500
0.21,0.65,500
0.21,0.66,500
0.21,0.67,500
0.21,0.68,500
0.21,0.69,500
0.21,0.7,500
0.21,0.71,500
0.21,0.72,500
0.21,0.73,500
0.21,0.74,500
0.21,0.75,500
0.21,0.76,500
0.21,0.77,500
0.21,0.78,500
0.21,0.79,500
0.21,0.8,500
0.21,0.81,500
0.21,0.82,500
0.21,0.83,500
0.21,0.84,500
0.21,0.85,500
0.21,0.86,500
0.21,0.87,500
0.21,0.88,500
0.21,0.89,500
0.21,0.9,500
0.21,0.91,500
0.21,0.92,500
0.21,0.93,500
0.21,0.94,500
0.21,0.95,500
0.21,0.96,500
0.21,0.97,500
0.21,0.98,500
0.21,0.99,500
0.21,1.0,500
0.22,0.5,500
0.22,0.51,500
0.22,0.52,500
0.22,0.53,500
0.22,0.54,500
0.22,0.55,500
0.22,0.56,500
0.22,0.57,500
0.22,0.58,500
0.22,0.59,500
0.22,0.6,500
0.22,0.61,500
0.22,0.62,500
0.22,0.63,500
0.22,0.64,500
0.22,0.65,500
0.22,0.66,500
0.22,0.67,500
0.22,0.68,500
0.22,0.69,500
0.22,0.7,500
0.22,0.71,500
0.22,0.72,500
0.22,0.73,500
0.22,0.74,500
0.22,0.75,500
0.22,0.76,500
0.22,0.77,500
0.22,0.78,500
0.22,0.79,500
0.22,0.8,500
0.22,0.81,500
0.22,0.82,500
0.22,0.83,500
0.22,0.84,500
0.22,0.85,500
0.22,0.86,500
0.22,0.87,500
0.22,0.88,500
0.22,0.89,500
0.22,0.9,500
0.22,0.91,500
0.22,0.92,500
0.22,0.93,500
0.22,0.94,500
0.22,0.95,500
0.22,0.96,500
0.22,0.97,500
0.22,0.98,500
0.22,0.99,500
0.22,1.0,500
0.23,0.5,500
0.23,0.51,500
0.23,0.52,500
0.23,0.53,500
0.23,0.54,500
0.23,0.55,500
0.23,0.56,500
0.23,0.57,500
0.23,0.58,500
0.23,0.59,500
0.23,0.6,500
0.23,0.61,500
0.23,0.62,500
0.23,0.63,500
0.23,0.64,500
0.23,0.65,500
0.23,0.66,500
0.23,0.67,500
0.23,0.68,500
0.23,0.69,500
0.23,0.7,500
0.23,0.71,500
0.23,0.72,500
0.23,0.73,500
0.23,0.74,500
0.23,0.75,500
0.23,0.76,500
0.23,0.77,500
0.23,0.78,500
0.23,0.79,500
0.23,0.8,500
0.23,0.81,500
0.23,0.82,500
0.23,0.83,500
0.23,0.84,500
0.23,0.85,500
0.23,0.86,500
0.23,0.87,500
0.23,0.88,500
0.23,0.89,500
0.23,0.9,500
0.23,0.91,500
0.23,0.92,500
0.23,0.93,500
0.23,0.94,500
0.23,0.95,500
0.23,0.96,500
0.23,0.97,500
0.23,0.98,500
0.23,0.99,500
0.23,1.0,500
0.24,0.5,500
0.24,0.51,500
0.24,0.52,500
0.24,0.53,500
0.24,0.54,500
0.24,0.55,500
0.24,0.56,500
0.24,0.57,500
0.24,0.58,500
0.24,0.59,500
0.24,0.6,500
0.24,0.61,500
0.24,0.62,500
0.24,0.63,500
0.24,0.64,500
0.24,0.65,500
0.24,0.66,500
0.24,0.67,500
0.24,0.68,500
0.24,0.69,500
0.24,0.7,500
0.24,0.71,500
0.24,0.72,500
0.24,0.73,500
0.24,0.74,500
0.24,0.75,500
0.24,0.76,500
0.24,0.77,500
0.24,0.78,500
0.24,0.79,500
0.24,0.8,500
0.24,0.81,500
0.24,0.82,500
0.24,0.83,500
0.24,0.84,500
0.24,0.85,500
0.24,0.86,500
0.24,0.87,500
0.24,0.88,500
0.24,0.89,500
0.24,0.9,500
0.24,0.91,500
0.24,0.92,500
0.24,0.93,500
0.24,0.94,500
0.24,0.95,500
0.24,0.96,500
0.24,0.97,500
0.24,0.98,500
0.24,0.99,500
0.24,1.0,500
0.25,0.5,500
0.25,0.51,500
0.25,0.52,500
0.25,0.53,500
0.25,0.54,500
0.25,0.55,500
0.25,0.56,500
0.25,0.57,500
0.25,0.58,500
0.25,0.59,500
0.25,0.6,500
0.25,0.61,500
0.25,0.62,500
0.25,0.63,500
0.25,0.64,500
0.25,0.65,500
0.25,0.66,500
0.25,0.67,500
0.25,0.68,500
0.25,0.69,500
0.25,0.7,500
0.25,0.71,500
0.25,0.72,500
0.25,0.73,500
0.25,0.74,500
0.25,0.75,500
0.25,0.76,500
0.25,0.77,500
0.25,0.78,500
0.25,0.79,500
0.25,0.8,500
0.25,0.81,500
0.25,0.82,500
0.25,0.83,500
0.25,0.84,500
0.25,0.85,500
0.25,0.86,500
0.25,0.87,500
0.25,0.88,500
0.25,0.89,500
0.25,0.9,500
0.25,0.91,500
0.25,0.92,500
0.25,0.93,500
0.25,0.94,500
0.25,0.95,500
0.25,0.96,500
0.25,0.97,500
0.25,0.98,500
0.25,0.99,500
0.25,1.0,500
0.26,0.5,500
0.26,0.51,500
0.26,0.52,500
0.26,0.53,500
0.26,0.54,500
0.26,0.55,500
0.26,0.56,500
0.26,0.57,500
0.26,0.58,500
0.26,0.59,500
0.26,0.6,500
0.26,0.61,500
0.26,0.62,500
0.26,0.63,500
0.26,0.64,500
0.26,0.65,500
0.26,0.66,500
0.26,0.67,500
0.26,0.68,500
0.26,0.69,500
0.26,0.7,500
0.26,0.71,500
0.26,0.72,500
0.26,0.73,500
0.26,0.74,500
0.26,0.75,500
0.26,0.76,500
0.26,0.77,500
0.26,0.78,500
0.26,0.79,500
0.26,0.8,500
0.26,0.81,500
0.26,0.82,500
0.26,0.83,500
0.26,0.84,500
0.26,0.85,500
0.26,0.86,500
0.26,0.87,500
0.26,0.88,500
0.26,0.89,500
0.26,0.9,500
0.26,0.91,500
0.26,0.92,500
0.26,0.93,500
0.26,0.94,500
0.26,0.95,500
0.26,0.96,500
0.26,0.97,500
0.26,0.98,500
0.26,0.99,500
0.26,1.0,500
0.27,0.5,500
0.27,0.51,500
0.27,0.52,500
0.27,0.53,500
0.27,0.54,500
0.27,0.55,500
0.27,0.56,500
0.27,0.57,500
0.27,0.58,500
0.27,0.59,500
0.27,0.6,500
0.27,0.61,500
0.27,0.62,500
0.27,0.63,500
0.27,0.64,500
0.27,0.65,500
0.27,0.66,500
0.27,0.67,500
0.27,0.68,500
0.27,0.69,500
0.27,0.7,500
0.27,0.71,500
0.27,0.72,500
0.27,0.73,500
0.27,0.74,500
0.27,0.75,500
0.27,0.76,500
0.27,0.77,500
0.27,0.78,500
0.27,0.79,500
0.27,0.8,500
0.27,0.81,500
0.27,0.82,500
0.27,0.83,500
0.27,0.84,500
0.27,0.85,500
0.27,0.86,500
0.27,0.87,500
0.27,0.88,500
0.27,0.89,500
0.27,0.9,500
0.27,0.91,500
0.27,0.92,500
0.27,0.93,500
0.27,0.94,500
0.27,0.95,500
0.27,0.96,500
0.27,0.97,500
0.27,0.98,500
0.27,0.99,500
0.27,1.0,500
0.28,0.5,500
0.28,0.51,500
0.28,0.52,500
0.28,0.53,500
0.28,0.54,500
0.28,0.55,500
0.28,0.56,500
0.28,0.57,500
0.28,0.58,500
0.28,0.59,500
0.28,0.6,500
0.28,0.61,500
0.28,0.62,500
0.28,0.63,500
0.28,0.64,500
0.28,0.65,500
0.28,0.66,500
0.28,0.67,500
0.28,0.68,500
0.28,0.69,500
0.28,0.7,500
0.28,0.71,500
0.28,0.72,500
0.28,0.73,500
0.28,0.74,500
0.28,0.75,500
0.28,0.76,500
0.28,0.77,500
0.28,0.78,500
0.28,0.79,500
0.28,0.8,500
0.28,0.81,500
0.28,0.82,500
0.28,0.83,500
0.28,0.84,500
0.28,0.85,500
0.28,0.86,500
0.28,0.87,500
0.28,0.88,500
0.28,0.89,500
0.28,0.9,500
0.28,0.91,500
0.28,0.92,500
0.28,0.93,500
0.28,0.94,500
0.28,0.95,500
0.28,0.96,500
0.28,0.97,500
0.28,0.98,500
0.28,0.99,500
0.28,1.0,500
0.29,0.5,500
0.29,0.51,500
0.29,0.52,500
0.29,0.53,500
0.29,0.54,500
0.29,0.55,500
0.29,0.56,500
0.29,0.57,500
0.29,0.58,500
0.29,0.59,500
0.29,0.6,500
0.29,0.61,500
0.29,0.62,500
0.29,0.63,500
0.29,0.64,500
0.29,0.65,500
0.29,0.66,500
0.29,0.67,500
0.29,0.68,500
0.29,0.69,500
0.29,0.7,500
0.29,0.71,500
0.29,0.72,500
0.29,0.73,500
0.29,0.74,500
0.29,0.75,500
0.29,0.76,500
0.29,0.77,500
0.29,0.78,500
0.29,0.79,500
0.29,0.8,500
0.29,0.81,500
0.29,0.82,500
0.29,0.83,500
0.29,0.84,500
0.29,0.85,500
0.29,0.86,500
0.29,0.87,500
0.29,0.88,500
0.29,0.89,500
0.29,0.9,500
0.29,0.91,500
0.29,0.92,500
0.29,0.93,500
0.29,0.94,500
0.29,0.95,500
0.29,0.96,500
0.29,0.97,500
0.29,0.98,500
0.29,0.99,500
0.29,1.0,500
0.3,0.5,500
0.3,0.51,500
0.3,0.52,500
0.3,0.53,500
0.3,0.54,500
0.3,0.55,500
0.3,0.56,500
0.3,0.57,500
0.3,0.58,500
0.3,0.59,500
0.3,0.6,500
0.3,0.61,500
0.3,0.62,500
0.3,0.63,500
0.3,0.64,500
0.3,0.65,500
0.3,0.66,500
0.3,0.67,500
0.3,0.68,500
0.3,0.69,500
0.3,0.7,500
0.3,0.71,500
0.3,0.72,500
0.3,0.73,500
0.3,0.74,500
0.3,0.75,500
0.3,0.76,500
0.3,0.77,500
0.3,0.78,500
0.3,0.79,500
0.3,0.8,500
0.3,0.81,500
0.3,0.82,500
0.3,0.83,500
0.3,0.84,500
0.3,0.85,500
0.3,0.86,500
0.3,0.87,500
0.3,0.88,500
0.3,0.89,500
0.3,0.9,500
0.3,0.91,500
0.3,0.92,500
0.3,0.93,500
0.3,0.94,500
0.3,0.95,500
0.3,0.96,500
0.3,0.97,500
0.3,0.98,500
0.3,0.99,500
0.3,1.0,500
0.31,0.5,500
0.31,0.51,500
0.31,0.52,500
0.31,0.53,500
0.31,0.54,500
0.31,0.55,500
0.31,0.56,500
0.31,0.57,500
0.31,0.58,500
0.31,0.59,500
0.31,0.6,500
0.31,0.61,500
0.31,0.62,500
0.31,0.63,500
0.31,0.64,500
0.31,0.65,500
0.31,0.66,500
0.31,0.67,500
0.31,0.68,500
0.31,0.69,500
0.31,0.7,500
0.31,0.71,500
0.31,0.72,500
0.31,0.73,500
0.31,0.74,500
0.31,0.75,500
0.31,0.76,500
0.31,0.77,500
0.31,0.78,500
0.31,0.79,500
0.31,0.8,500
0.31,0.81,500
0.31,0.82,500
0.31,0.83,500
0.31,0.84,500
0.31,0.85,500
0.31,0.86,500
0.31,0.87,500
0.31,0.88,500
0.31,0.89,500
0.31,0.9,500
0.31,0.91,500
0.31,0.92,500
0.31,0.93,500
0.31,0.94,500
0.31,0.95,500
0.31,0.96,500
0.31,0.97,500
0.31,0.98,500
0.31,0.99,500
0.31,1.0,500
0.32,0.5,500
0.32,0.51,500
0.32,0.52,500
0.32,0.53,500
0.32,0.54,500
0.32,0.55,500
0.32,0.56,500
0.32,0.57,500
0.32,0.58,500
0.32,0.59,500
0.32,0.6,500
0.32,0.61,500
0.32,0.62,500
0.32,0.63,500
0.32,0.64,500
0.32,0.65,500
0.32,0.66,500
0.32,0.67,500
0.32,0.68,500
0.32,0.69,500
0.32,0.7,500
0.32,0.71,500
0.32,0.72,500
0.32,0.73,500
0.32,0.74,500
0.32,0.75,500
0.32,0.76,500
0.32,0.77,500
0.32,0.78,500
0.32,0.79,500
0.32,0.8,500
0.32,0.81,500
0.32,0.82,500
0.32,0.83,500
0.32,0.84,500
0.32,0.85,500
0.32,0.86,500
0.32,0.87,500
0.32,0.88,500
0.32,0.89,500
0.32,0.9,500
0.32,0.91,500
0.32,0.92,500
0.32,0.93,500
0.32,0.94,500
0.32,0.95,500
0.32,0.96,500
0.32,0.97,500
0.32,0.98,500
0.32,0.99,500
0.32,1.0,500
0.33,0.5,500
0.33,0.51,500
0.33,0.52,500
0.33,0.53,500
0.33,0.54,500
0.33,0.55,500
0.33,0.56,500
0.33,0.57,500
0.33,0.58,500
0.33,0.59,500
0.33,0.6,500
0.33,0.61,500
0.33,0.62,500
0.33,0.63,500
0.33,0.64,500
0.33,0.65,500
0.33,0.66,500
0.33,0.67,500
0.33,0.68,500
0.33,0.69,500
0.33,0.7,500
0.33,0.71,500
0.33,0.72,500
0.33,0.73,500
0.33,0.74,500
0.33,0.75,500
0.33,0.76,500
0.33,0.77,500
0.33,0.78,500
0.33,0.79,500
0.33,0.8,500
0.33,0.81,500
0.33,0.82,500
0.33,0.83,500
0.33,0.84,500
0.33,0.85,500
0.33,0.86,500
0.33,0.87,500
0.33,0.88,500
0.33,0.89,500
0.33,0.9,500
0.33,0.91,500
0.33,0.92,500
0.33,0.93,500
0.33,0.94,500
0.33,0.95,500
0.33,0.96,500
0.33,0.97,500
0.33,0.98,500
0.33,0.99,500
0.33,1.0,500
0.34,0.5,500
0.34,0.51,500
0.34,0.52,500
0.34,0.53,500
0.34,0.54,500
0.34,0.55,500
0.34,0.56,500
0.34,0.57,500
0.34,0.58,500
0.34,0.59,500
0.34,0.6,500
0.34,0.61,500
0.34,0.62,500
0.34,0.63,500
0.34,0.64,500
0.34,0.65,500
0.34,0.66,500
0.34,0.67,500
0.34,0.68,500
0.34,0.69,500
0.34,0.7,500
0.34,0.71,500
0.34,0.72,500
0.34,0.73,500
0.34,0.74,500
0.34,0.75,500
0.34,0.76,500
0.34,0.77,500
0.34,0.78,500
0.34,0.79,500
0.34,0.8,500
0.34,0.81,500
0.34,0.82,500
0.34,0.83,500
0.34,0.84,500
0.34,0.85,500
0.34,0.86,500
0.34,0.87,500
0.34,0.88,500
0.34,0.89,500
0.34,0.9,500
0.34,0.91,500
0.34,0.92,500
0.34,0.93,500
0.34,0.94,500
0.34,0.95,500
0.34,0.96,500
0.34,0.97,500
0.34,0.98,500
0.34,0.99,500
0.34,1.0,500
0.35,0.5,500
0.35,0.51,500
0.35,0.52,500
0.35,0.53,500
0.35,0.54,500
0.35,0.55,500
0.35,0.56,500
0.35,0.57,500
0.35,0.58,500
0.35,0.59,500
0.35,0.6,500
0.35,0.61,500
0.35,0.62,500
0.35,0.63,500
0.35,0.64,500
0.35,0.65,500
0.35,0.66,500
0.35,0.67,500
0.35,0.68,500
0.35,0.69,500
0.35,0.7,500
0.35,0.71,500
0.35,0.72,500
0.35,0.73,500
0.35,0.74,500
0.35,0.75,500
0.35,0.76,500
0.35,0.77,500
0.35,0.78,500
0.35,0.79,500
0.35,0.8,500
0.35,0.81,500
0.35,0.82,500
0.35,0.83,500
0.35,0.84,500
0.35,0.85,500
0.35,0.86,500
0.35,0.87,500
0.35,0.88,500
0.35,0.89,500
0.35,0.9,500
0.35,0.91,500
0.35,0.92,500
0.35,0.93,500
0.35,0.94,500
0.35,0.95,500
0.35,0.96,500
0.35,0.97,500
0.35,0.98,500
0.35,0.99,500
0.35,1.0,500
0.36,0.5,500
0.36,0.51,500
0.36,0.52,500
0.36,0.53,500
0.36,0.54,500
0.36,0.55,500
0.36,0.56,500
0.36,0.57,500
0.36,0.58,500
0.36,0.59,500
0.36,0.6,500
0.36,0.61,500
0.36,0.62,500
0.36,0.63,500
0.36,0.64,500
0.36,0.65,500
0.36,0.66,500
0.36,0.67,500
0.36,0.68,500
0.36,0.69,500
0.36,0.7,500
0.36,0.71,500
0.36,0.72,500
0.36,0.73,500
0.36,0.74,500
0.36,0.75,500
0.36,0.76,500
0.36,0.77,500
0.36,0.78,500
0.36,0.79,500
0.36,0.8,500
0.36,0.81,500
0.36,0.82,500
0.36,0.83,500
0.36,0.84,500
0.36,0.85,500
0.36,0.86,500
0.36,0.87,500
0.36,0.88,500
0.36,0.89,500
0.36,0.9,500
0.36,0.91,500
0.36,0.92,500
0.36,0.93,500
0.36,0.94,500
0.36,0.95,500
0.36,0.96,500
0.36,0.97,500
0.36,0.98,500
0.36,0.99,500
0.36,1.0,500
0.37,0.5,500
0.37,0.51,500
0.37,0.52,500
0.37,0.53,500
0.37,0.54,500
0.37,0.55,500
0.37,0.56,500
0.37,0.57,500
0.37,0.58,500
0.37,0.59,500
0.37,0.6,500
0.37,0.61,500
0.37,0.62,500
0.37,0.63,500
0.37,0.64,500
0.37,0.65,500
0.37,0.66,500
0.37,0.67,500
0.37,0.68,500
0.37,0.69,500
0.37,0.7,500
0.37,0.71,500
0.37,0.72,500
0.37,0.73,500
0.37,0.74,500
0.37,0.75,500
0.37,0.76,500
0.37,0.77,500
0.37,0.78,500
0.37,0.79,500
0.37,0.8,500
0.37,0.81,500
0.37,0.82,500
0.37,0.83,500
0.37,0.84,500
0.37,0.85,500
0.37,0.86,500
0.37,0.87,500
0.37,0.88,500
0.37,0.89,500
0.37,0.9,500
0.37,0.91,500
0.37,0.92,500
0.37,0.93,500
0.37,0.94,500
0.37,0.95,500
0.37,0.96,500
0.37,0.97,500
0.37,0.98,500
0.37,0.99,500
0.37,1.0,500
0.38,0.5,500
0.38,0.51,500
0.38,0.52,500
0.38,0.53,500
0.38,0.54,500
0.38,0.55,500
0.38,0.56,500
0.38,0.57,500
0.38,0.58,500
0.38,0.59,500
0.38,0.6,500
0.38,0.61,500
0.38,0.62,500
0.38,0.63,500
0.38,0.64,500
0.38,0.65,500
0.38,0.66,500
0.38,0.67,500
0.38,0.68,500
0.38,0.69,500
0.38,0.7,500
0.38,0.71,500
0.38,0.72,500
0.38,0.73,500
0.38,0.74,500
0.38,0.75,500
0.38,0.76,500
0.38,0.77,500
0.38,0.78,500
0.38,0.79,500
0.38,0.8,500
0.38,0.81,500
0.38,0.82,500
0.38,0.83,500
0.38,0.84,500
0.38,0.85,500
0.38,0.86,500
0.38,0.87,500
0.38,0.88,500
0.38,0.89,500
0.38,0.9,500
0.38,0.91,500
0.38,0.92,500
0.38,0.93,500
0.38,0.94,500
0.38,0.95,500
0.38,0.96,500
0.38,0.97,500
0.38,0.98,500
0.38,0.99,500
0.38,1.0,500
0.39,0.5,500
0.39,0.51,500
0.39,0.52,500
0.39,0.53,500
0.39,0.54,500
0.39,0.55,500
0.39,0.56,500
0.39,0.57,500
0.39,0.58,500
0.39,0.59,500
0.39,0.6,500
0.39,0.61,500
0.39,0.62,500
0.39,0.63,500
0.39,0.64,500
0.39,0.65,500
0.39,0.66,500
0.39,0.67,500
0.39,0.68,500
0.39,0.69,500
0.39,0.7,500
0.39,0.71,500
0.39,0.72,500
0.39,0.73,500
0.39,0.74,500
0.39,0.75,500
0.39,0.76,500
0.39,0.77,500
0.39,0.78,500
0.39,0.79,500
0.39,0.8,500
0.39,0.81,500
0.39,0.82,500
0.39,0.83,500
0.39,0.84,500
0.39,0.85,500
0.39,0.86,500
0.39,0.87,500
0.39,0.88,500
0.39,0.89,500
0.39,0.9,500
0.39,0.91,500
0.39,0.92,500
0.39,0.93,500
0.39,0.94,500
0.39,0.95,500
0.39,0.96,500
0.39,0.97,500
0.39,0.98,500
0.39,0.99,500
0.39,1.0,500
0.4,0.5,500
0.4,0.51,500
0.4,0.52,500
0.4,0.53,500
0.4,0.54,500
0.4,0.55,500
0.4,0.56,500
0.4,0.57,500
0.4,0.58,500
0.4,0.59,500
0.4,0.6,500
0.4,0.61,500
0.4,0.62,500
0.4,0.63,500
0.4,0.64,500
0.4,0.65,500
0.4,0.66,500
0.4,0.67,500
0.4,0.68,500
0.4,0.69,500
0.4,0.7,500
0.4,0.71,500
0.4,0.72,500
0.4,0.73,500
0.4,0.74,500
0.4,0.75,500
0.4,0.76,500
0.4,0.77,500
0.4,0.78,500
0.4,0.79,500
0.4,0.8,500
0.4,0.81,500
0.4,0.82,500
0.4,0.83,500
0.4,0.84,500
0.4,0.85,500
0.4,0.86,500
0.4,0.87,500
0.4,0.88,500
0.4,0.89,500
0.4,0.9,500
0.4,0.91,500
0.4,0.92,500
0.4,0.93,500
0.4,0.94,500
0.4,0.95,500
0.4,0.96,500
0.4,0.97,500
0.4,0.98,500
0.4,0.99,500
0.4,1.0,500
0.41,0.5,500
0.41,0.51,500
0.41,0.52,500
0.41,0.53,500
0.41,0.54,500
0.41,0.55,500
0.41,0.56,500
0.41,0.57,500
0.41,0.58,500
0.41,0.59,500
0.41,0.6,500
0.41,0.61,500
0.41,0.62,500
0.41,0.63,500
0.41,0.64,500
0.41,0.65,500
0.41,0.66,500
0.41,0.67,500
0.41,0.68,500
0.41,0.69,500
0.41,0.7,500
0.41,0.71,500
0.41,0.72,500
0.41,0.73,500
0.41,0.74,500
0.41,0.75,500
0.41,0.76,500
0.41,0.77,500
0.41,0.78,500
0.41,0.79,500
0.41,0.8,500
0.41,0.81,500
0.41,0.82,500
0.41,0.83,500
0.41,0.84,500
0.41,0.85,500
0.41,0.86,500
0.41,0.87,500
0.41,0.88,500
0.41,0.89,500
0.41,0.9,500
0.41,0.91,500
0.41,0.92,500
0.41,0.93,500
0.41,0.94,500
0.41,0.95,500
0.41,0.96,500
0.41,0.97,500
0.41,0.98,500
0.41,0.99,500
0.41,1.0,500
0.42,0.5,500
0.42,0.51,500
0.42,0.52,500
0.42,0.53,500
0.42,0.54,500
0.42,0.55,500
0.42,0.56,500
0.42,0.57,500
0.42,0.58,500
0.42,0.59,500
0.42,0.6,500
0.42,0.61,500
0.42,0.62,500
0.42,0.63,500
0.42,0.64,500
0.42,0.65,500
0.42,0.66,500
0.42,0.67,500
0.42,0.68,500
0.42,0.69,500
0.42,0.7,500
0.42,0.71,500
0.42,0.72,500
0.42,0.73,500
0.42,0.74,500
0.42,0.75,500
0.42,0.76,500
0.42,0.77,500
0.42,0.78,500
0.42,0.79,500
0.42,0.8,500
0.42,0.81,500
0.42,0.82,500
0.42,0.83,500
0.42,0.84,500
0.42,0.85,500
0.42,0.86,500
0.42,0.87,500
0.42,0.88,500
0.42,0.89,500
0.42,0.9,500
0.42,0.91,500
0.42,0.92,500
0.42,0.93,500
0.42,0.94,500
0.42,0.95,500
0.42,0.96,500
0.42,0.97,500
0.42,0.98,500
0.42,0.99,500
0.42,1.0,500
0.43,0.5,500
0.43,0.51,500
0.43,0.52,500
0.43,0.53,500
0.43,0.54,500
0.43,0.55,500
0.43,0.56,500
0.43,0.57,500
0.43,0.58,500
0.43,0.59,500
0.43,0.6,500
0.43,0.61,500
0.43,0.62,500
0.43,0.63,500
0.43,0.64,500
0.43,0.65,500
0.43,0.66,500
0.43,0.67,500
0.43,0.68,500
0.43,0.69,500
0.43,0.7,500
0.43,0.71,500
0.43,0.72,500
0.43,0.73,500
0.43,0.74,500
0.43,0.75,500
0.43,0.76,500
0.43,0.77,500
0.43,0.78,500
0.43,0.79,500
0.43,0.8,500
0.43,0.81,500
0.43,0.82,500
0.43,0.83,500
0.43,0.84,500
0.43,0.85,500
0.43,0.86,500
0.43,0.87,500
0.43,0.88,500
0.43,0.89,500
0.43,0.9,500
0.43,0.91,500
0.43,0.92,500
0.43,0.93,500
0.43,0.94,500
0.43,0.95,500
0.43,0.96,500
0.43,0.97,500
0.43,0.98,500
0.43,0.99,500
0.43,1.0,500
0.44,0.5,500
0.44,0.51,500
0.44,0.52,500
0.44,0.53,500
0.44,0.54,500
0.44,0.55,500
0.44,0.56,500
0.44,0.57,500
0.44,0.58,500
0.44,0.59,500
0.44,0.6,500
0.44,0.61,500
0.44,0.62,500
0.44,0.63,500
0.44,0.64,500
0.44,0.65,500
0.44,0.66,500
0.44,0.67,500
0.44,0.68,500
0.44,0.69,500
0.44,0.7,500
0.44,0.71,500
0.44,0.72,500
0.44,0.73,500
0.44,0.74,500
0.44,0.75,500
0.44,0.76,500
0.44,0.77,500
0.44,0.78,500
0.44,0.79,500
0.44,0.8,500
0.44,0.81,500
0.44,0.82,500
0.44,0.83,500
0.44,0.84,500
0.44,0.85,500
0.44,0.86,500
0.44,0.87,500
0.44,0.88,500
0.44,0.89,500
0.44,0.9,500
0.44,0.91,500
0.44,0.92,500
0.44,0.93,500
0.44,0.94,500
0.44,0.95,500
0.44,0.96,500
0.44,0.97,500
0.44,0.98,500
0.44,0.99,500
0.44,1.0,500
0.45,0.5,500
0.45,0.51,500
0.45,0.52,500
0.45,0.53,500
0.45,0.54,500
0.45,0.55,500
0.45,0.56,500
0.45,0.57,500
0.45,0.58,500
0.45,0.59,500
0.45,0.6,500
0.45,0.61,500
0.45,0.62,500
0.45,0.63,500
0.45,0.64,500
0.45,0.65,500
0.45,0.66,500
0.45,0.67,500
0.45,0.68,500
0.45,0.69,500
0.45,0.7,500
0.45,0.71,500
0.45,0.72,500
0.45,0.73,500
0.45,0.74,500
0.45,0.75,500
0.45,0.76,500
0.45,0.77,500
0.45,0.78,500
0.45,0.79,500
0.45,0.8,500
0.45,0.81,500
0.45,0.82,500
0.45,0.83,500
0.45,0.84,500
0.45,0.85,500
0.45,0.86,500
0.45,0.87,500
0.45,0.88,500
0.45,0.89,500
0.45,0.9,500
0.45,0.91,500
0.45,0.92,500
0.45,0.93,500
0.45,0.94,500
0.45,0.95,500
0.45,0.96,500
0.45,0.97,500
0.45,0.98,500
0.45,0.99,500
0.45,1.0,500
0.46,0.5,500
0.46,0.51,500
0.46,0.52,500
0.46,0.53,500
0.46,0.54,500
0.46,0.55,500
0.46,0.56,500
0.46,0.57,500
0.46,0.58,500
0.46,0.59,500
0.46,0.6,500
0.46,0.61,500
0.46,0.62,500
0.46,0.63,500
0.46,0.64,500
0.46,0.65,500
0.46,0.66,500
0.46,0.67,500
0.46,0.68,500
0.46,0.69,500
0.46,0.7,500
0.46,0.71,500
0.46,0.72,500
0.46,0.73,500
0.46,0.74,500
0.46,0.75,500
0.46,0.76,500
0.46,0.77,500
0.46,0.78,500
0.46,0.79,500
0.46,0.8,500
0.46,0.81,500
0.46,0.82,500
0.46,0.83,500
0.46,0.84,500
0.46,0.85,500
0.46,0.86,500
0.46,0.87,500
0.46,0.88,500
0.46,0.89,500
0.46,0.9,500
0.46,0.91,500
0.46,0.92,500
0.46,0.93,500
0.46,0.94,500
0.46,0.95,500
0.46,0.96,500
0.46,0.97,500
0.46,0.98,500
0.46,0.99,500
0.46,1.0,500
0.47,0.5,500
0.47,0.51,500
0.47,0.52,500
0.47,0.53,500
0.47,0.54,500
0.47,0.55,500
0.47,0.56,500
0.47,0.57,500
0.47,0.58,500
0.47,0.59,500
0.47,0.6,500
0.47,0.61,500
0.47,0.62,500
0.47,0.63,500
0.47,0.64,500
0.47,0.65,500
0.47,0.66,500
0.47,0.67,500
0.47,0.68,500
0.47,0.69,500
0.47,0.7,500
0.47,0.71,500
0.47,0.72,500
0.47,0.73,500
0.47,0.74,500
0.47,0.75,500
0.47,0.76,500
0.47,0.77,500
0.47,0.78,500
0.47,0.79,500
0.47,0.8,500
0.47,0.81,500
0.47,0.82,500
0.47,0.83,500
0.47,0.84,500
0.47,0.85,500
0.47,0.86,500
0.47,0.87,500
0.47,0.88,500
0.47,0.89,500
0.47,0.9,500
0.47,0.91,500
0.47,0.92,500
0.47,0.93,500
0.47,0.94,500
0.47,0.95,500
0.47,0.96,500
0.47,0.97,500
0.47,0.98,500
0.47,0.99,500
0.47,1.0,500
0.48,0.5,500
0.48,0.51,500
0.48,0.52,500
0.48,0.53,500
0.48,0.54,500
0.48,0.55,500
0.48,0.56,500
0.48,0.57,500
0.48,0.58,500
0.48,0.59,500
0.48,0.6,500
0.48,0.61,500
0.48,0.62,500
0.48,0.63,500
0.48,0.64,500
0.48,0.65,500
0.48,0.66,500
0.48,0.67,500
0.48,0.68,500
0.48,0.69,500
0.48,0.7,500
0.48,0.71,500
0.48,0.72,500
0.48,0.73,500
0.48,0.74,500
0.48,0.75,500
0.48,0.76,500
0.48,0.77,500
0.48,0.78,500
0.48,0.79,500
0.48,0.8,500
0.48,0.81,500
0.48,0.82,500
0.48,0.83,500
0.48,0.84,500
0.48,0.85,500
0.48,0.86,500
0.48,0.87,500
0.48,0.88,500
0.48,0.89,500
0.48,0.9,500
0.48,0.91,500
0.48,0.92,500
0.48,0.93,500
0.48,0.94,500
0.48,0.95,500
0.48,0.96,500
0.48,0.97,500
0.48,0.98,500
0.48,0.99,500
0.48,1.0,500
0.49,0.5,500
0.49,0.51,500
0.49,0.52,500
0.49,0.53,500
0.49,0.54,500
0.49,0.55,500
0.49,0.56,500
0.49,0.57,500
0.49,0.58,500
0.49,0.59,500
0.49,0.6,500
0.49,0.61,500
0.49,0.62,500
0.49,0.63,500
0.49,0.64,500
0.49,0.65,500
0.49,0.66,500
0.49,0.67,500
0.49,0.68,500
0.49,0.69,500
0.49,0.7,500
0.49,0.71,500
0.49,0.72,500
0.49,0.73,500
0.49,0.74,500
0.49,0.75,500
0.49,0.76,500
0.49,0.77,500
0.49,0.78,500
0.49,0.79,500
0.49,0.8,500
0.49,0.81,500
0.49,0.82,500
0.49,0.83,500
0.49,0.84,500
0.49,0.85,500
0.49,0.86,500
0.49,0.87,500
0.49,0.88,500
0.49,0.89,500
0.49,0.9,500
0.49,0.91,500
0.49,0.92,500
0.49,0.93,500
0.49,0.94,500
0.49,0.95,500
0.49,0.96,500
0.49,0.97,500
0.49,0.98,500
0.49,0.99,500
0.49,1.0,500
0.5,0.5,500
0.5,0.51,500
0.5,0.52,500
0.5,0.53,500
0.5,0.54,500
0.5,0.55,500
0.5,0.56,500
0.5,0.57,500
0.5,0.58,500
0.5,0.59,500
0.5,0.6,500
0.5,0.61,500
0.5,0.62,500
0.5,0.63,500
0.5,0.64,500
0.5,0.65,500
0.5,0.66,500
0.5,0.67,500
0.5,0.68,500
0.5,0.69,500
0.5,0.7,500
0.5,0.71,500
0.5,0.72,500
0.5,0.73,500
0.5,0.74,500
0.5,0.75,500
0.5,0.76,500
0.5,0.77,500
0.5,0.78,500
0.5,0.79,500
0.5,0.8,500
0.5,0.81,500
0.5,0.82,500
0.5,0.83,500
0.5,0.84,500
0.5,0.85,500
0.5,0.86,500
0.5,0.87,500
0.5,0.88,500
0.5,0.89,500
0.5,0.9,500
0.5,0.91,500
0.5,0.92,500
0.5,0.93,500
0.5,0.94,500
0.5,0.95,500
0.5,0.96,500
0.5,0.97,500
0.5,0.98,500
0.5,0.99,500
0.5,1.0,500
