Generation,Cut rates=0.0,Cut rates=0.02,Cut rates=0.04,Cut rates=0.06,Cut rates=0.08,Cut rates=0.1,Cut rates=0.12,Cut rates=0.14,Cut rates=0.16,Cut rates=0.18,Cut rates=0.2,Cut rates=0.22,Cut rates=0.24,Cut rates=0.26,Cut rates=0.28,Cut rates=0.3,Cut rates=0.32,Cut rates=0.34,Cut rates=0.36,Cut rates=0.38,Cut rates=0.4,Cut rates=0.42,Cut rates=0.44,Cut rates=0.46,Cut rates=0.48,Cut rates=0.5,Cut rates=0.52,Cut rates=0.54,Cut rates=0.56,Cut rates=0.58,Cut rates=0.6,Cut rates=0.62,Cut rates=0.64,Cut rates=0.66,Cut rates=0.68,Cut rates=0.7,Cut rates=0.72,Cut rates=0.74,Cut rates=0.76,Cut rates=0.78,Cut rates=0.8,Cut rates=0.82,Cut rates=0.84,Cut rates=0.86,Cut rates=0.88,Cut rates=0.9,Cut rates=0.92,Cut rates=0.94,Cut rates=0.96,Cut rates=0.98,Cut rates=1.0
1,0.001935194,0.023734042,0.040147868,0.065143068,0.08237384,0.093487232,0.124924484,0.143966724,0.168195398,0.190396251,0.21209922,0.234026531,0.253529742,0.278254728,0.29631856,0.321275533,0.340082265,0.359946657,0.381395977,0.401688449,0.424185172,0.44049081,0.462795905,0.478220412,0.495855906,0.518340535,0.532824062,0.54981279,0.566260226,0.581825799,0.600456828,0.611189509,0.627646027,0.638574768,0.649587362,0.663684155,0.674346752,0.683625781,0.693824717,0.702939969,0.710771925,0.719510976,0.724858245,0.7293191,0.735562446,0.742197632,0.741115889,0.746157469,0.749570653,0.749481284,0.749456285
2,0.252041205,0.270964634,0.301481084,0.327216713,0.353541911,0.372201213,0.399707057,0.427039988,0.44968555,0.467265329,0.493693514,0.514806854,0.534861891,0.553515578,0.576573169,0.593614208,0.612187012,0.632475934,0.648633755,0.663089369,0.680213084,0.694496269,0.712264411,0.723161361,0.73972466,0.749512033,0.767605386,0.779562235,0.793121532,0.802362773,0.814716636,0.829598387,0.841399683,0.853527151,0.864368621,0.88033537,0.889176775,0.899436202,0.912427052,0.925292767,0.934574706,0.945287663,0.956202448,0.962991148,0.973223735,0.981802051,0.987907668,0.993526727,0.99668141,0.999108993,1
3,0.1723787,0.208471935,0.24993611,0.284735059,0.319097141,0.354483104,0.391608601,0.419995295,0.456280779,0.485878224,0.511653068,0.5419091,0.562259076,0.592727802,0.61963575,0.641236108,0.661275367,0.686658439,0.705551171,0.728163,0.745079747,0.761204524,0.779521978,0.797788634,0.812807562,0.830708046,0.848421105,0.853881598,0.870213257,0.885130345,0.897307163,0.905888244,0.918186794,0.929051587,0.935425108,0.94732342,0.956893761,0.960808677,0.966037085,0.972724363,0.980302932,0.980166575,0.983035723,0.990162334,0.992293713,0.994660754,0.995198121,0.999299133,0.991033838,1,1
4,0.125652276,0.180240214,0.221587533,0.266699988,0.312636389,0.350819524,0.387923033,0.426218037,0.458225723,0.492079762,0.522408949,0.556627342,0.585337308,0.613111501,0.642223527,0.661676406,0.690207321,0.7095624,0.731777599,0.758297783,0.777851854,0.796252389,0.805138112,0.828457724,0.843103036,0.856138902,0.878905199,0.88358422,0.893454871,0.909981416,0.915035156,0.927556044,0.942728275,0.946854306,0.94834509,0.961005649,0.971648218,0.969932705,0.980184869,0.986422173,0.984231586,0.991880525,0.990848897,0.994325874,0.996104969,0.996408355,1,0.993698153,0.999546743,1,1
5,0.096862784,0.152713395,0.195580343,0.252736778,0.299525175,0.343117439,0.380842302,0.426016575,0.459571458,0.501588911,0.534624618,0.568589686,0.598357302,0.625744352,0.656441534,0.685420427,0.712435671,0.731620575,0.757537274,0.782583645,0.798471466,0.823887297,0.829947032,0.85080777,0.859017471,0.88355616,0.89717049,0.902587311,0.914511146,0.930883949,0.932882916,0.94116147,0.956294889,0.957733412,0.970314583,0.968962626,0.974621498,0.982015285,0.982040459,0.987108194,0.990981813,0.994817238,0.996714317,0.99128643,0.995905706,1,1,0.999217287,1,1,1
6,0.07575045,0.139280094,0.183561685,0.237986933,0.286160286,0.33292055,0.381975986,0.418337478,0.460888458,0.502078457,0.54104515,0.576518741,0.610424584,0.644638542,0.673933307,0.699225168,0.719653629,0.747800382,0.768796738,0.797648236,0.816269292,0.840450614,0.849054341,0.863510785,0.880556591,0.889532655,0.907053619,0.915951734,0.935730654,0.942707226,0.953772258,0.947440631,0.959842697,0.959351098,0.969705158,0.965066946,0.978167971,0.971414324,0.985590217,0.987660313,0.991800371,0.991782155,0.990908042,0.996914153,0.994631115,1,1,1,1,1,1
7,0.061053782,0.112911294,0.169101474,0.230412615,0.276238581,0.324954505,0.377848114,0.418636601,0.45973198,0.501782625,0.543797051,0.595048932,0.618659152,0.654503244,0.677571422,0.715551833,0.734462966,0.757217973,0.782579403,0.807202213,0.830268186,0.850895269,0.860262896,0.878570267,0.891663072,0.90881027,0.918926226,0.928421807,0.9310596,0.939974665,0.95131855,0.946087319,0.961955553,0.967875936,0.975781266,0.978842152,0.976986511,0.973894039,0.985070382,0.988279105,0.990439913,0.996377149,0.995606979,0.994903746,0.997392531,1,1,1,1,1,1
8,0.048421505,0.103383853,0.158727847,0.215266547,0.26279415,0.320530838,0.370420163,0.420422054,0.463767533,0.511208242,0.546450751,0.59753812,0.624134198,0.659753581,0.685395505,0.719066587,0.741924843,0.767433512,0.790857451,0.819947883,0.834150976,0.84893469,0.869447946,0.880880891,0.893720453,0.911301781,0.912671078,0.927666681,0.937108552,0.943228558,0.950643157,0.95820105,0.96285315,0.959043939,0.973380754,0.977796532,0.980509707,0.979430099,0.984369152,0.986191195,0.991363156,0.99586829,0.996526473,0.99800227,0.994490083,1,1,1,1,1,1
9,0.04505862,0.092619709,0.147316971,0.204118913,0.254570041,0.317811083,0.364422591,0.413510281,0.463058514,0.508856184,0.554916941,0.601074018,0.629087216,0.668767219,0.699840828,0.726295543,0.749197314,0.774792997,0.796667851,0.824507542,0.844105388,0.864862715,0.872124916,0.883754084,0.899392629,0.914683895,0.924903106,0.930092368,0.938100852,0.943690501,0.958758272,0.957739988,0.965139272,0.97190676,0.975513471,0.972934416,0.976610234,0.983682495,0.984648784,0.987068326,0.991753158,0.994990824,0.993979749,0.985380912,0.99260636,1,1,1,1,1,1
10,0.034884419,0.082692067,0.134523017,0.192473118,0.249468808,0.309711365,0.361673253,0.409854591,0.466088328,0.506002768,0.563099002,0.604418447,0.629882739,0.668605202,0.70392465,0.733354323,0.75638768,0.785182287,0.801680866,0.822066038,0.843160794,0.858634711,0.877141321,0.891237537,0.900044886,0.913264206,0.926432818,0.93623253,0.935628652,0.946741567,0.948845596,0.950957028,0.96832748,0.958010725,0.979336607,0.979254438,0.984348245,0.98574678,0.986295232,0.988726244,0.992275416,0.990169504,0.987107948,0.994929575,0.998184942,1,1,1,1,1,1
11,0.029993813,0.077229049,0.126220478,0.18686009,0.239443738,0.305995741,0.355507657,0.41365276,0.466904181,0.511546086,0.564254603,0.605864252,0.642645026,0.674836511,0.716617522,0.737271444,0.763500847,0.786856451,0.812278288,0.829956333,0.843831092,0.861458154,0.87403906,0.892822815,0.903316976,0.917882839,0.920740535,0.933360123,0.936646937,0.952257548,0.949709368,0.959438512,0.966122765,0.97075388,0.97431199,0.963493618,0.967340693,0.960068579,0.988728013,0.98911522,0.990605708,0.989121605,0.995138176,0.995766043,1,1,1,1,1,1,1
12,0.027850005,0.06968,0.120785571,0.173507658,0.231590558,0.298940596,0.349059896,0.405525385,0.467435594,0.514221606,0.566633299,0.614278477,0.639882489,0.68078547,0.716522983,0.74524314,0.763622119,0.790637926,0.815297876,0.833977412,0.851875119,0.866635617,0.878313614,0.891002078,0.902823411,0.916173546,0.922814272,0.927798106,0.936023885,0.943854792,0.949115275,0.959267055,0.968765312,0.965111554,0.976084109,0.960338885,0.979374093,0.983307699,0.960234578,0.987145068,0.988022165,0.990939983,0.992535023,0.992793456,1,1,1,1,1,1,1
13,0.023811431,0.062541803,0.107867811,0.172439256,0.220302991,0.294706552,0.354072935,0.403193723,0.469236953,0.514267368,0.567435843,0.618362932,0.651894114,0.679652336,0.711880074,0.742416988,0.770658598,0.794520273,0.814791721,0.836983234,0.848000803,0.861547514,0.885367465,0.895892042,0.902416606,0.915473763,0.928050696,0.929656183,0.932424789,0.949794375,0.950739592,0.956989353,0.966074873,0.96981559,0.976193295,0.958998501,0.971442442,0.984038555,0.981603969,0.988612903,0.991213209,0.992276611,0.994656357,0.994821831,1,1,1,1,1,1,1
14,0.019628409,0.058553335,0.107058859,0.16281185,0.215518015,0.288138218,0.347535777,0.408732927,0.469129338,0.517957343,0.576054378,0.617820735,0.653516484,0.679365813,0.719659093,0.745304019,0.769352645,0.792963764,0.817386298,0.835619689,0.847622245,0.865883396,0.878721369,0.892697444,0.900838218,0.919623223,0.928691662,0.932099356,0.930881795,0.94269612,0.957189182,0.955964993,0.96282102,0.969503747,0.968661918,0.974180258,0.983609482,0.986587765,0.983287391,0.986904338,0.985684134,0.990616145,0.993264669,0.994306637,1,1,1,1,1,1,1
15,0.018312841,0.050420587,0.093251227,0.153850008,0.205956129,0.280027079,0.349112871,0.409102288,0.467133974,0.519773021,0.576542384,0.618125069,0.650860551,0.68857678,0.716990862,0.748315604,0.773381492,0.798082284,0.816382906,0.841981203,0.852431064,0.868318012,0.87760367,0.890828345,0.905474286,0.913588097,0.92463007,0.936712428,0.938023242,0.950214301,0.953819113,0.958566268,0.956293418,0.969311843,0.972913109,0.976501188,0.973788513,0.979870558,0.980056811,0.985673297,0.991255625,0.990461656,0.988652119,0.997332796,1,1,1,1,1,1,1
16,0.016685584,0.048713533,0.093053951,0.141987424,0.206027685,0.278066848,0.339278844,0.40341697,0.472965026,0.515599498,0.577238301,0.61462576,0.658496346,0.688688432,0.7237755,0.754824656,0.775141305,0.79937953,0.814661515,0.83143247,0.848101775,0.869778122,0.877078154,0.886870099,0.90243757,0.91647737,0.925320893,0.929254378,0.936079623,0.939633292,0.948352849,0.956762855,0.961915253,0.969991715,0.969540296,0.975160961,0.980640493,0.987883029,0.984165186,0.98639278,0.987926055,0.987603795,0.994334753,0.99229056,1,1,1,1,1,1,1
17,0.012273349,0.045375279,0.085711864,0.14034387,0.20153088,0.275288322,0.338787117,0.400055838,0.469557265,0.52425403,0.583263955,0.618752462,0.655947172,0.690791378,0.734049886,0.75710243,0.77988679,0.79695352,0.823445729,0.836721703,0.850139518,0.866322974,0.881129399,0.887567814,0.909671642,0.911918899,0.920285162,0.939527229,0.941370829,0.94239475,0.952399168,0.957339653,0.942368066,0.970222346,0.972288377,0.981588155,0.963868024,0.981749879,0.989371301,0.985788509,0.988255538,0.994433854,0.996584759,0.996226203,1,1,1,1,1,1,1
18,0.014182412,0.042291092,0.078261304,0.134807955,0.194747394,0.268836953,0.337350001,0.398454862,0.469196069,0.515867405,0.58360533,0.618325468,0.662215334,0.691911422,0.727985715,0.759087921,0.780146861,0.796132702,0.827576706,0.836887344,0.850016771,0.869071176,0.877556275,0.886552694,0.908493279,0.913038905,0.920847853,0.929547707,0.942688074,0.940946466,0.955773575,0.962165714,0.960208686,0.972321714,0.975001626,0.97767495,0.978486131,0.979583369,0.979885308,0.985695475,0.993004416,0.996226123,0.993209822,0.990388661,1,1,1,1,1,1,1
19,0.013586319,0.037524427,0.076800665,0.133275859,0.187486901,0.264394788,0.33385111,0.392935189,0.471289959,0.522465366,0.580491476,0.617898105,0.661838526,0.68875471,0.723326976,0.759346343,0.779111428,0.802014827,0.824942366,0.840667823,0.855545743,0.867472604,0.881037709,0.899426363,0.905880424,0.912023839,0.920390129,0.924587318,0.941881327,0.942715082,0.957825885,0.956778122,0.962917501,0.965768642,0.974114685,0.977962976,0.979168036,0.983584083,0.982794821,0.985912564,0.983932281,0.99324114,0.992372354,0.994385603,1,1,1,1,1,1,1
20,0.007416886,0.037373874,0.070517505,0.130591598,0.185285448,0.259458592,0.331486676,0.395402116,0.47237854,0.524183437,0.580709264,0.617266461,0.660664744,0.691297629,0.722547134,0.759814363,0.782410702,0.80684677,0.819567543,0.839751639,0.850768542,0.866237296,0.881297322,0.89520655,0.904514736,0.914617291,0.923449449,0.921417135,0.941667461,0.943899307,0.953716704,0.95888142,0.964506368,0.961624997,0.974406366,0.973005797,0.975060362,0.984156894,0.98648581,0.987564145,0.986765386,0.993116039,0.990021789,0.99349941,1,1,1,1,1,1,1
21,0.013526968,0.032908194,0.067847669,0.123058931,0.179269742,0.255365333,0.334175682,0.401529809,0.466913216,0.528476782,0.583424742,0.616851227,0.665494453,0.691788459,0.719074818,0.760272334,0.779428104,0.808006454,0.823036359,0.831837322,0.852984304,0.864759272,0.884423141,0.888236094,0.903554031,0.915823098,0.923810988,0.927607711,0.935004263,0.945515453,0.954719043,0.957442093,0.964060602,0.971894047,0.967617829,0.977813909,0.98021148,0.958664704,0.986102639,0.988724971,0.992517687,0.991483916,0.992274598,0.991563172,1,1,1,1,1,1,1
22,0.009418429,0.03860361,0.063943525,0.118522709,0.174268807,0.25587748,0.327649172,0.391275664,0.466321347,0.520605891,0.585333054,0.618004431,0.663825753,0.690504361,0.725911772,0.755728409,0.779037794,0.805230166,0.815006075,0.839384204,0.858487732,0.866844055,0.879699627,0.888956092,0.905444513,0.921362338,0.922653488,0.924697632,0.929727923,0.936215721,0.954481098,0.955043496,0.961047008,0.96434925,0.971214011,0.974940537,0.979423743,0.980526786,0.98488001,0.987828588,0.988922477,0.991510215,0.993328573,0.995782733,1,1,1,1,1,1,1
23,0.007551132,0.027363994,0.063546576,0.114716037,0.173073564,0.245340091,0.321568765,0.399266829,0.467050688,0.523752035,0.586223223,0.62000421,0.665331848,0.690223021,0.72400628,0.759151027,0.771096838,0.80066777,0.817628645,0.83742032,0.853852697,0.86950792,0.879781367,0.889704965,0.900608783,0.913589317,0.92071233,0.927639772,0.936528686,0.941743997,0.951389696,0.956716754,0.963998843,0.963867245,0.971622393,0.96837117,0.976461846,0.981731745,0.988231882,0.983683394,0.987988806,0.989474008,0.991784213,0.991841994,1,1,1,1,1,1,1
24,0.009422349,0.027437087,0.059785266,0.107573008,0.17027771,0.247595804,0.322879195,0.394882682,0.467290558,0.524714201,0.583371338,0.621300319,0.662748391,0.69798863,0.727580652,0.758326948,0.775018729,0.800416881,0.821717601,0.835484595,0.85020259,0.867262889,0.882412778,0.890271097,0.903437351,0.905054963,0.920190652,0.93199831,0.937273971,0.945742215,0.947849513,0.960999898,0.964342286,0.969469402,0.969885316,0.973594765,0.978866849,0.982591394,0.984012956,0.985161479,0.989328655,0.992098911,0.991190098,0.996207551,1,1,1,1,1,1,1
25,0.006106519,0.027794598,0.062700787,0.107472691,0.161679312,0.242617081,0.322439215,0.394880283,0.470739698,0.532425857,0.587073886,0.622497521,0.662232708,0.696508721,0.726165625,0.751053359,0.778278957,0.79809699,0.822822688,0.830853056,0.853413007,0.868823473,0.881466135,0.885426489,0.90226004,0.908301394,0.922748441,0.932635795,0.935147319,0.94337835,0.954158892,0.959518706,0.96214134,0.971183608,0.971578088,0.97444264,0.97931443,0.981494813,0.984124705,0.985515608,0.985929063,0.990882412,0.995190904,0.993938262,1,1,1,1,1,1,1
26,0.010106268,0.027241997,0.057850498,0.102800893,0.160050883,0.242351673,0.317652059,0.397773188,0.466509994,0.533566016,0.585547418,0.630616226,0.66862414,0.695328816,0.72519932,0.753584902,0.781807485,0.80221156,0.825656014,0.833156233,0.854470163,0.863722817,0.880313736,0.887418113,0.904031461,0.911815001,0.922269983,0.928999578,0.938030793,0.947686127,0.954321158,0.961605904,0.964274451,0.970940755,0.975792352,0.974640727,0.980283312,0.979799041,0.985154866,0.986679654,0.989586662,0.995823642,0.993307539,0.992864718,1,1,1,1,1,1,1
27,0.006886446,0.023103202,0.052503266,0.10478092,0.159055893,0.23554946,0.314743922,0.39204013,0.466482163,0.53570499,0.589219238,0.620058018,0.666256127,0.695210819,0.722051241,0.758059284,0.783605623,0.803019295,0.825920631,0.830757501,0.853817025,0.864745773,0.879810308,0.897843904,0.90501102,0.903707822,0.92352675,0.933974694,0.942784148,0.942813681,0.954071302,0.956658463,0.965932972,0.966900896,0.968062134,0.976929813,0.982174243,0.982371175,0.982611456,0.98840286,0.988413712,0.9923789,0.991809628,0.99303491,1,1,1,1,1,1,1
28,0.005249501,0.021340184,0.051452415,0.094225655,0.150353856,0.23287006,0.312921746,0.396317389,0.469823756,0.530950022,0.58923948,0.620462657,0.669269268,0.697620556,0.725957625,0.761747257,0.774683117,0.797481595,0.821612504,0.8402888,0.858490425,0.868367286,0.880490204,0.897636093,0.904606726,0.912056702,0.924724599,0.932580068,0.944888471,0.945935174,0.954672622,0.960111186,0.965221428,0.968099441,0.972616495,0.975227997,0.98005095,0.980199103,0.986436932,0.990383148,0.991422849,0.990370024,0.994633176,0.997032268,1,1,1,1,1,1,1
29,0.007121923,0.021128131,0.048166941,0.089902491,0.151021556,0.22961304,0.314848616,0.391075762,0.46714917,0.534416207,0.590413594,0.621736894,0.66163071,0.696586681,0.719010126,0.754957821,0.783789279,0.800399746,0.821536055,0.839370338,0.851070639,0.871036015,0.885750905,0.897792505,0.903872064,0.913032546,0.92816475,0.921382947,0.940603386,0.941877884,0.945388397,0.956673676,0.963840442,0.962902222,0.968222564,0.972682307,0.979180317,0.983484609,0.984381154,0.98511798,0.987072102,0.991244815,0.995564125,0.996654527,1,1,1,1,1,1,1
30,0.003453998,0.021821485,0.051104227,0.088087467,0.146464773,0.226991206,0.311147954,0.388597085,0.469361908,0.528457323,0.592314963,0.619038884,0.664824009,0.696841233,0.715000423,0.750664021,0.776683227,0.795075737,0.818226377,0.837727934,0.858622888,0.861271068,0.884981573,0.898481251,0.896470185,0.912990888,0.922500906,0.932275345,0.943939958,0.943796321,0.952959481,0.96143995,0.961419574,0.969813748,0.968497613,0.972855521,0.97525232,0.984883603,0.979930091,0.986228452,0.990517809,0.992769473,0.991692185,0.998424128,1,1,1,1,1,1,1
31,0.003837637,0.01855703,0.051041158,0.085916922,0.1471483,0.225262884,0.308557768,0.390560749,0.47140897,0.534961221,0.582012532,0.621385756,0.665774921,0.699233946,0.723372655,0.751814304,0.781885628,0.797870749,0.820479457,0.833081065,0.854210842,0.865866338,0.882533992,0.898432046,0.90283024,0.909982657,0.91688449,0.930242654,0.94123819,0.94581251,0.943737339,0.960099839,0.964874861,0.970453769,0.975157648,0.978565581,0.978146018,0.980394899,0.985676238,0.989378178,0.991047571,0.996522521,0.996223262,1,1,1,1,1,1,1,1
32,0.004465202,0.018661306,0.048463605,0.087612266,0.147392824,0.221865978,0.310410459,0.3907156,0.467604393,0.524894068,0.588069789,0.621825301,0.664316079,0.70101314,0.72158952,0.751584762,0.782838656,0.793657994,0.820916869,0.838651796,0.846840471,0.86099855,0.881188815,0.887954266,0.90507536,0.909106481,0.918178892,0.92540427,0.945260481,0.948899065,0.947838304,0.954779883,0.961314368,0.972808938,0.973301924,0.974093544,0.982167394,0.981033391,0.986185102,0.990039415,0.989439489,0.994482355,0.9903962,1,1,1,1,1,1,1,1
33,0.003573553,0.016064497,0.041955106,0.080209884,0.138246777,0.221854885,0.309111003,0.392822585,0.470283602,0.526451749,0.587129795,0.620864785,0.659635214,0.699270912,0.729753257,0.75183115,0.782588438,0.795214123,0.818378947,0.84031951,0.852921454,0.861846631,0.87879331,0.890646221,0.902348672,0.909603767,0.923810966,0.922734215,0.942002156,0.942857,0.945763772,0.956039331,0.964981271,0.969332097,0.976964568,0.975353887,0.980808783,0.984081926,0.983768788,0.987187143,0.990921551,0.991202193,0.994375421,1,1,1,1,1,1,1,1
34,-0.00143477,0.015858069,0.040498349,0.082827159,0.135556557,0.215005132,0.308419455,0.388546361,0.473529544,0.531765438,0.584849044,0.622932878,0.663549403,0.704962182,0.724334105,0.757547855,0.781644629,0.794450844,0.82670514,0.838253269,0.853882372,0.863154197,0.880834956,0.891842888,0.909372968,0.909649929,0.923739955,0.926950408,0.942137997,0.945762746,0.948436654,0.954432198,0.960635843,0.969012269,0.97249676,0.977357378,0.978607466,0.982495097,0.988223892,0.989834087,0.994139737,0.992407562,0.998275496,1,1,1,1,1,1,1,1
35,0.003615441,0.01701294,0.039894947,0.077546685,0.130710375,0.216139307,0.306746815,0.388581391,0.472950112,0.533100538,0.593722343,0.623592027,0.663843993,0.698882963,0.723652602,0.754947587,0.780045397,0.795171515,0.823230428,0.833580981,0.854993487,0.865888729,0.878313896,0.891738521,0.907743557,0.913575076,0.92387892,0.931151623,0.936352233,0.9458378,0.959464117,0.955874399,0.956662243,0.972745139,0.971944895,0.966664033,0.977861146,0.984044975,0.98879535,0.98600392,0.99402506,0.987935573,0.992173695,1,1,1,1,1,1,1,1
36,0.005977891,0.014402963,0.040368806,0.074913023,0.131299702,0.212220477,0.30756992,0.38911392,0.471934501,0.528423708,0.587821979,0.626348717,0.665031556,0.694771388,0.722133198,0.755145945,0.776995412,0.79920403,0.81884297,0.835156634,0.855237014,0.860230152,0.87589446,0.892592017,0.904902714,0.910366096,0.928669506,0.92503988,0.943575416,0.943215284,0.95049594,0.958916229,0.958239642,0.964691123,0.969585795,0.966773666,0.975203538,0.981149066,0.977644054,0.985757833,0.993181885,0.989938633,0.993171329,1,1,1,1,1,1,1,1
37,0.003575322,0.015022982,0.040578719,0.072604731,0.131767395,0.207294573,0.302536513,0.385463481,0.477541277,0.526433488,0.588998122,0.627219822,0.663238985,0.697896349,0.725011244,0.753558134,0.777719608,0.799154525,0.824622906,0.840902547,0.855757497,0.864775426,0.881728971,0.887381998,0.904850644,0.910822284,0.916288379,0.932878164,0.940856326,0.944052642,0.949102568,0.936988069,0.95210671,0.960191926,0.968026575,0.978253653,0.981039409,0.983303274,0.984727133,0.985595159,0.99070575,0.990332927,0.995411092,1,1,1,1,1,1,1,1
38,0.001550721,0.014622738,0.039948389,0.072177282,0.125466673,0.204090891,0.301475657,0.384887703,0.474811644,0.531634491,0.590504347,0.624010112,0.670094233,0.696672935,0.7258242,0.750296241,0.777082395,0.803675366,0.825460622,0.837527733,0.848648943,0.867496289,0.886416775,0.898125045,0.906226549,0.913439026,0.929346043,0.930954137,0.940597754,0.946544023,0.94971506,0.9558368,0.963670447,0.949479874,0.974811311,0.977149489,0.959088607,0.98505351,0.984536659,0.988098677,0.98966935,0.987951746,0.996624641,1,1,1,1,1,1,1,1
39,0.007297739,0.016715575,0.037715938,0.066243108,0.123630127,0.205095395,0.305063829,0.390163278,0.476682816,0.530542292,0.586618174,0.623190786,0.667288667,0.697314034,0.728045735,0.75817,0.776085996,0.798959103,0.816868036,0.838220894,0.84049308,0.866311097,0.88110396,0.889040904,0.901648928,0.915436743,0.922241102,0.932221701,0.938682805,0.948497426,0.945130807,0.951250963,0.961127748,0.964422297,0.976530263,0.975918455,0.979275126,0.983819797,0.986442639,0.988903521,0.993348082,0.990384277,0.992887309,1,1,1,1,1,1,1,1
40,0.006634556,0.013807684,0.038679193,0.068480839,0.123238279,0.200445412,0.30064491,0.387782733,0.467369109,0.532427881,0.584108915,0.621263111,0.663408907,0.697522816,0.726367386,0.756531228,0.776187039,0.801253197,0.826997661,0.831918668,0.850416604,0.868388205,0.885117769,0.897671041,0.901777693,0.916163211,0.920969695,0.93121826,0.940800703,0.947686704,0.945531761,0.957598568,0.961535781,0.9619521,0.971752458,0.975981764,0.977268397,0.981218673,0.982365044,0.984981848,0.986005672,0.991846548,0.99330098,1,1,1,1,1,1,1,1
41,0.003596438,0.015516137,0.031053569,0.063606944,0.118710771,0.200355038,0.298837314,0.389750418,0.470825543,0.532114531,0.585138021,0.621181629,0.669561151,0.693623204,0.728385539,0.756214308,0.781071404,0.805110087,0.820674664,0.837608799,0.854593863,0.861932663,0.882360984,0.897306507,0.899964456,0.907695549,0.927117797,0.935980951,0.943541651,0.941599154,0.941302871,0.955646072,0.965615404,0.966127958,0.972614881,0.980063423,0.981819758,0.983107937,0.984993503,0.987498013,0.991513271,0.994574746,0.993240076,1,1,1,1,1,1,1,1
42,0.001561038,0.012492927,0.031846118,0.064532883,0.118379159,0.196194019,0.298867634,0.387198337,0.475391677,0.535935345,0.585513301,0.623690881,0.668246422,0.695365235,0.724903012,0.752962228,0.776291041,0.795421325,0.826600833,0.836473125,0.848967906,0.86680916,0.877491717,0.891063484,0.903573356,0.909074175,0.919852632,0.930996764,0.941805341,0.943479308,0.948798633,0.957969072,0.961235026,0.962845999,0.971013412,0.973295506,0.979373303,0.98546011,0.983425495,0.988008269,0.991285819,0.990375113,0.99389135,1,1,1,1,1,1,1,1
43,-0.001809211,0.012533397,0.032291432,0.062961946,0.11698581,0.199288522,0.294049328,0.393002643,0.468509007,0.538795826,0.587559598,0.628085803,0.666648245,0.697763352,0.728889422,0.761152006,0.775294533,0.792735408,0.812938351,0.832598965,0.855332688,0.866117148,0.88162686,0.894452296,0.901099784,0.915567835,0.925903996,0.933556554,0.936663496,0.94140231,0.956217771,0.959185693,0.962084658,0.964736433,0.96618855,0.973703444,0.980805961,0.977633926,0.984325987,0.99130921,0.988150412,0.990032221,0.993836336,1,1,1,1,1,1,1,1
44,-0.000234363,0.015063523,0.031394534,0.061129293,0.115077182,0.194284492,0.295424314,0.390675699,0.474107687,0.53738137,0.586775318,0.624670637,0.669369938,0.695560727,0.725039329,0.755786125,0.771185388,0.794332482,0.815971669,0.836042424,0.853727769,0.868758901,0.878703281,0.89871687,0.903479614,0.913773093,0.927437698,0.932168864,0.937505051,0.943297821,0.946401473,0.956700678,0.963421885,0.966984509,0.973315179,0.973744413,0.981139788,0.983379242,0.985702321,0.982020544,0.986679219,0.994260853,0.994709391,1,1,1,1,1,1,1,1
45,0.002421586,0.013849085,0.027945073,0.060028747,0.112935749,0.196105452,0.294214884,0.393198269,0.474009184,0.540858442,0.586547444,0.624568523,0.670654039,0.694570497,0.729839433,0.751932685,0.772794485,0.800559091,0.818011416,0.844071908,0.853149878,0.873350063,0.880353827,0.8876728,0.893808838,0.915453494,0.924458444,0.928355048,0.932509344,0.94122632,0.952215744,0.955671402,0.964282192,0.970933377,0.969834362,0.974854833,0.971198987,0.967757111,0.981710082,0.988813438,0.989588662,0.989416319,0.995399085,1,1,1,1,1,1,1,1
46,0.000170266,0.011820035,0.033169195,0.058975274,0.107664444,0.191454018,0.292712306,0.389193929,0.46928503,0.535672174,0.580672675,0.619231734,0.664732431,0.694353115,0.733923011,0.752224838,0.772707673,0.797658586,0.821373178,0.844998197,0.858985914,0.871177563,0.884452453,0.884407856,0.898789397,0.917513588,0.923501836,0.930003535,0.930317982,0.945873864,0.956854273,0.959219893,0.954756548,0.961897219,0.973447794,0.978858162,0.980603158,0.978934306,0.983990365,0.989094848,0.988855921,0.993124704,0.995754381,1,1,1,1,1,1,1,1
47,0.001752739,0.01239688,0.027970489,0.06139244,0.105282891,0.19053343,0.2960525,0.389664742,0.469077022,0.532316514,0.587268738,0.627551071,0.662786693,0.696461258,0.727713666,0.753969012,0.778846826,0.802274321,0.810398484,0.841645569,0.860889281,0.870448377,0.88420218,0.893666019,0.896570688,0.915469912,0.92853077,0.910278458,0.935360433,0.944679458,0.951775482,0.940249017,0.959390915,0.967948877,0.97419667,0.971178595,0.979465179,0.981550128,0.982102106,0.984861915,0.988825772,0.992389122,0.991181033,1,1,1,1,1,1,1,1
48,4.51E-05,0.013752426,0.029109623,0.056138688,0.112961676,0.193972052,0.292491428,0.387485283,0.47015992,0.533082994,0.587829322,0.62004391,0.660624175,0.696731087,0.733727517,0.756288687,0.771711341,0.797524453,0.809562976,0.836551873,0.855568307,0.87373568,0.881740318,0.897859458,0.901884781,0.922385472,0.917911846,0.927344696,0.935860715,0.943071323,0.951249912,0.954436122,0.962957695,0.964653725,0.966604626,0.973889093,0.980450814,0.973088419,0.984941551,0.98760532,0.989605222,0.996172146,0.996585869,1,1,1,1,1,1,1,1
49,0.00068166,0.012791438,0.026481073,0.052464864,0.102387645,0.189018654,0.294987349,0.387986884,0.467127093,0.526263177,0.584441927,0.627944777,0.66217922,0.696103031,0.726899691,0.750140588,0.775094317,0.801886745,0.812170004,0.841126087,0.859885766,0.867419215,0.877247721,0.894829786,0.89592959,0.918699877,0.922658321,0.925283411,0.936200255,0.942102097,0.956251301,0.953126987,0.959681982,0.969069099,0.970842696,0.976005844,0.9824858,0.980187775,0.985452258,0.988453424,0.990293448,0.990700406,0.996980552,1,1,1,1,1,1,1,1
50,0.002213253,0.01499502,0.029504737,0.053159212,0.100949236,0.189712088,0.29637532,0.389005118,0.472088857,0.529300034,0.586513646,0.623858388,0.664649554,0.700946867,0.72159645,0.75735836,0.775291693,0.802396198,0.81665509,0.837078202,0.850439089,0.869665513,0.884958392,0.893721538,0.907664929,0.917028669,0.921194128,0.932822971,0.936141945,0.94563444,0.948945844,0.944022747,0.963067442,0.965243674,0.965748876,0.973197952,0.976525425,0.985658123,0.984473351,0.982707473,0.989619513,0.987353119,0.993690125,1,1,1,1,1,1,1,1
51,0.00095327,0.006838773,0.024625753,0.051905224,0.10059024,0.185073521,0.288950594,0.388440665,0.473134112,0.531666399,0.584073576,0.626822635,0.662107093,0.695281569,0.726559215,0.756262129,0.77929799,0.803573306,0.81606935,0.842086354,0.853910056,0.862500376,0.884210001,0.887405153,0.908194339,0.9126799,0.922047077,0.932651308,0.942561413,0.945191556,0.951139727,0.959794807,0.961853818,0.968567407,0.970570501,0.979482291,0.974180755,0.967730261,0.983798507,0.991031728,0.993125888,0.990898957,0.992062869,1,1,1,1,1,1,1,1
52,0.00238673,0.00947981,0.021920632,0.051040189,0.10242651,0.188008089,0.290906537,0.386853276,0.470998859,0.529362924,0.581647666,0.625347904,0.668333625,0.692755832,0.723132923,0.756238023,0.775776769,0.796552586,0.81895831,0.842697025,0.850956402,0.869529231,0.880840642,0.887470516,0.905109416,0.909439437,0.925865841,0.928666763,0.935630907,0.951288286,0.943672744,0.946114046,0.966423944,0.968010557,0.969063234,0.975217873,0.977276775,0.979932415,0.985370505,0.984165209,0.986014894,0.992959216,0.99594869,1,1,1,1,1,1,1,1
53,0.002293165,0.010875753,0.025241992,0.047612142,0.099986006,0.184798131,0.292740604,0.381247787,0.469231,0.530088176,0.580019696,0.63054438,0.664997014,0.694416315,0.725568956,0.751176117,0.775413604,0.803919114,0.818361031,0.842309822,0.855520489,0.869695718,0.881504885,0.891319097,0.898129139,0.914806424,0.910242201,0.92860308,0.935072507,0.946253571,0.945702949,0.957003422,0.963009224,0.97087532,0.967825221,0.976739213,0.977245108,0.967129185,0.984522623,0.98926107,0.989763228,0.992956417,0.993803299,1,1,1,1,1,1,1,1
54,0.000105095,0.012205488,0.023846038,0.047107343,0.08993389,0.183431835,0.285933118,0.387065176,0.469254158,0.530028846,0.584721757,0.630877263,0.665439219,0.694920415,0.727466321,0.754568906,0.778659349,0.799770878,0.81927735,0.83791184,0.84979273,0.872270644,0.879484807,0.893332801,0.901922362,0.914851535,0.911060196,0.932314345,0.939972039,0.937501572,0.956462093,0.951359005,0.954720218,0.966308834,0.974033726,0.974960774,0.967122087,0.981343731,0.986510399,0.984656981,0.988445782,0.993204102,0.992432822,1,1,1,1,1,1,1,1
55,-0.003161834,0.010660959,0.02783421,0.052984068,0.095032527,0.17809041,0.289096036,0.379159225,0.473662671,0.534264313,0.581587749,0.62816645,0.665726184,0.697422317,0.7289512,0.753254631,0.779637921,0.803175178,0.819255154,0.839244703,0.8586962,0.867910812,0.881712594,0.889979646,0.90046946,0.912915379,0.924310963,0.928954632,0.942109347,0.945926682,0.95305202,0.943547323,0.954333922,0.968712995,0.970988895,0.9753758,0.978269779,0.979351467,0.988845985,0.983814341,0.991164195,0.991226281,0.991526022,1,1,1,1,1,1,1,1
56,-0.002609142,0.009525572,0.024255639,0.048036243,0.096692519,0.176209487,0.290581947,0.38556884,0.47350995,0.535635052,0.577403227,0.628381331,0.674450194,0.698736885,0.730324866,0.75663387,0.777000649,0.793975532,0.817708099,0.837682868,0.855712875,0.86934443,0.878167362,0.894044764,0.908798787,0.915756154,0.920044082,0.935263937,0.934668552,0.947492759,0.947984729,0.959127901,0.951897096,0.966062299,0.974207479,0.974325304,0.976855959,0.984510083,0.983158056,0.988004123,0.98969294,0.99112629,0.990622944,1,1,1,1,1,1,1,1
57,0.000614131,0.010741968,0.022046416,0.047069913,0.087159207,0.176181127,0.291877664,0.383875485,0.472150928,0.534657545,0.58391313,0.629286598,0.67113233,0.695849038,0.73249397,0.752694084,0.778191431,0.791498848,0.815077051,0.841028583,0.854960365,0.863146676,0.872713426,0.895603437,0.907458736,0.910513746,0.923000389,0.933436836,0.938167527,0.938085619,0.951440158,0.9608263,0.951067103,0.966727864,0.97117273,0.975676104,0.979609253,0.980884847,0.981481665,0.992163861,0.986126704,0.99236297,0.994210724,1,1,1,1,1,1,1,1
58,0.004442956,0.004927582,0.022898136,0.049007447,0.085469018,0.174564088,0.294726417,0.384326078,0.475160453,0.529998699,0.584149964,0.633226581,0.666371254,0.69518589,0.73022844,0.74935928,0.777403481,0.796556971,0.822136913,0.836943013,0.858063265,0.864733118,0.873892061,0.893220161,0.900857805,0.917623372,0.918629657,0.927197433,0.940604173,0.947458205,0.955444495,0.960890569,0.961908707,0.96327408,0.972834165,0.978027827,0.980563669,0.981181372,0.980951491,0.991059994,0.989221384,0.994107075,0.994198096,1,1,1,1,1,1,1,1
59,0.001675969,0.007506272,0.025114075,0.039153285,0.089790356,0.176196523,0.287768959,0.386893828,0.471353399,0.530409386,0.585917749,0.631790734,0.667678811,0.698259525,0.731043347,0.755420471,0.77887616,0.802103037,0.816660819,0.836565,0.855694232,0.87303299,0.87620881,0.899237688,0.906632542,0.906211491,0.921390046,0.935153703,0.936622209,0.942914362,0.954855289,0.958241726,0.963301167,0.965034647,0.975837733,0.976703048,0.982091031,0.985030178,0.983323483,0.990366709,0.988501004,0.993354782,0.99406435,1,1,1,1,1,1,1,1
60,0.005886553,0.006021899,0.020580388,0.043844139,0.09080618,0.176162144,0.284366315,0.385472456,0.47485774,0.53076283,0.581227257,0.632369465,0.673638443,0.702329508,0.730953108,0.752775015,0.781255465,0.796836548,0.818445205,0.841336929,0.852756364,0.869533133,0.884854777,0.893571343,0.906167607,0.909481839,0.927216722,0.927453946,0.939209211,0.93341343,0.948947218,0.962431755,0.960149147,0.969673931,0.971322957,0.962580787,0.975189453,0.982532046,0.9834903,0.986872568,0.99213027,0.991610331,0.990379965,1,1,1,1,1,1,1,1
61,0.00384598,0.007045949,0.020729532,0.043034314,0.090029303,0.171050925,0.284749897,0.388755435,0.47198064,0.526387837,0.581802148,0.626179717,0.672732467,0.700396388,0.732101419,0.757245524,0.77463532,0.794241725,0.820570518,0.839363648,0.853321389,0.872152377,0.878902213,0.896861324,0.902681147,0.912245344,0.924179024,0.930470571,0.939981483,0.93899289,0.950793802,0.956203181,0.964594382,0.964240352,0.973060521,0.974062171,0.982089928,0.981092362,0.986675988,0.9920609,0.987348054,0.993511817,0.991441521,1,1,1,1,1,1,1,1
62,0.000580656,0.008638377,0.020342693,0.041023202,0.084480849,0.16805761,0.286368614,0.389710553,0.470058081,0.527065099,0.583279472,0.627340617,0.668673283,0.705718465,0.728410394,0.754998648,0.777903719,0.805608995,0.819879449,0.84169697,0.850036917,0.866724743,0.877613516,0.89523186,0.903760297,0.919865758,0.923857016,0.927268593,0.939430113,0.939506271,0.946598792,0.960148807,0.95844379,0.960320688,0.97316803,0.973191238,0.977559187,0.981605226,0.985352401,0.98691332,0.988770138,0.992412623,0.991128964,1,1,1,1,1,1,1,1
63,0.002974159,0.0090218,0.02168837,0.038944944,0.083324587,0.166754849,0.288168753,0.391191503,0.470116494,0.531760254,0.581391143,0.622481723,0.665309158,0.700277706,0.725831823,0.761324599,0.777492667,0.797357335,0.82321065,0.83567988,0.853285428,0.870356778,0.878379801,0.896338042,0.904712272,0.918857384,0.92288096,0.931766198,0.940116693,0.941807817,0.951158846,0.95795081,0.960087596,0.964431275,0.97426988,0.973048272,0.979357891,0.986392833,0.983572996,0.989388548,0.989716478,0.992747044,0.995756291,1,1,1,1,1,1,1,1
64,0.001761391,0.004436042,0.022698676,0.040977825,0.083418914,0.164761036,0.285709302,0.383586547,0.473413822,0.52622899,0.583293042,0.631744316,0.663387059,0.701978793,0.719765878,0.760283851,0.778946845,0.806147046,0.817668844,0.840245615,0.856162161,0.863318706,0.883896788,0.894715993,0.903480062,0.918366537,0.923610279,0.933274209,0.942535982,0.94023419,0.950373516,0.964449462,0.962924139,0.966977591,0.969673736,0.977001712,0.970211671,0.975769886,0.9848464,0.984404504,0.987833543,0.997122288,0.995570568,1,1,1,1,1,1,1,1
65,0.000707547,0.009805291,0.024178281,0.037468218,0.080732962,0.164062109,0.28800907,0.386009505,0.469025349,0.524833589,0.584887585,0.627306236,0.668212891,0.705523224,0.729371123,0.763199586,0.780765063,0.803678935,0.818321972,0.837991229,0.849899207,0.866960488,0.87688408,0.894091416,0.904775487,0.916582378,0.927011865,0.923754412,0.939099917,0.946275982,0.955111391,0.961059702,0.966303679,0.967535501,0.967827379,0.967696594,0.977316179,0.969272549,0.984600206,0.9872062,0.991532612,0.989153709,0.994193816,1,1,1,1,1,1,1,1
66,-0.002299782,0.00826438,0.02042326,0.041098629,0.079570022,0.161918267,0.287498436,0.38059097,0.46996408,0.52458697,0.588205315,0.628018311,0.665897906,0.695402442,0.722469257,0.76377587,0.786779688,0.793915003,0.823604461,0.837079932,0.854829488,0.87276798,0.884109953,0.900488397,0.897548427,0.913340975,0.92608737,0.936424508,0.935325012,0.943253146,0.956067731,0.965220534,0.963614994,0.969465799,0.967681688,0.975190043,0.976189993,0.981048848,0.985545447,0.987165464,0.988603384,0.992941846,0.993313161,1,1,1,1,1,1,1,1
67,-0.000888791,0.006697759,0.016106839,0.039576007,0.078224027,0.160433999,0.289040966,0.3829561,0.470795183,0.528786166,0.582993844,0.627558742,0.665245882,0.699965296,0.727416925,0.758191899,0.773983448,0.795118941,0.817068218,0.844167503,0.852450872,0.864205219,0.881327979,0.890617362,0.902832073,0.91750409,0.922129743,0.928054412,0.942610495,0.94196669,0.948404469,0.961487071,0.966037389,0.964952983,0.970094316,0.977743858,0.959882021,0.982559655,0.98422469,0.98370186,0.99296281,0.990747379,0.997671947,1,1,1,1,1,1,1,1
68,0.001340912,0.00784253,0.018840921,0.033562741,0.07406083,0.153682395,0.285347995,0.378173361,0.468564532,0.525868923,0.587374465,0.629049785,0.667433351,0.696660305,0.725042735,0.760998314,0.776201474,0.801772037,0.813410024,0.834910173,0.855302623,0.865938779,0.877734035,0.889888968,0.90225256,0.916417925,0.926631694,0.928607613,0.94212146,0.946051098,0.950860172,0.955462356,0.962087048,0.971012088,0.968879038,0.972181589,0.982610666,0.984952894,0.986282716,0.991357678,0.992021468,0.993827567,0.995443623,1,1,1,1,1,1,1,1
69,0.004799424,0.008522898,0.019798711,0.040436617,0.082244593,0.156145565,0.288249862,0.380484017,0.467936826,0.529850222,0.583483924,0.628147343,0.665010364,0.692263464,0.726908235,0.766129521,0.779993089,0.804451844,0.817846037,0.831995198,0.852569724,0.863587653,0.880278108,0.889128046,0.908881217,0.914260611,0.917351302,0.933684184,0.939477235,0.944526343,0.95285705,0.946854226,0.954031117,0.969571094,0.971349621,0.973217203,0.978888607,0.983059039,0.986960255,0.990071947,0.987375331,0.992251579,0.989353681,1,1,1,1,1,1,1,1
70,-0.004626811,0.006682692,0.018519262,0.034811046,0.079025621,0.154653933,0.286188117,0.377734798,0.46981865,0.528397782,0.583603543,0.629181725,0.670500602,0.696900574,0.729263889,0.758873855,0.778243971,0.79973378,0.817631949,0.828518075,0.856879998,0.866381638,0.873025856,0.889231477,0.904531099,0.915150611,0.921637693,0.932824198,0.939011588,0.950918554,0.949069148,0.957445322,0.962409454,0.968858199,0.970908372,0.973390554,0.981624264,0.984075771,0.98140813,0.987473268,0.992561189,0.992077878,0.991838637,1,1,1,1,1,1,1,1
71,-6.98E-05,0.008088742,0.01850233,0.034240409,0.073876146,0.150385918,0.284519581,0.379901104,0.469614887,0.531773743,0.584593459,0.62311628,0.667359377,0.690250017,0.727787665,0.758473338,0.779638816,0.803495543,0.818251837,0.832893492,0.858795718,0.863923188,0.884215487,0.893778071,0.902160395,0.914978067,0.922020271,0.929578174,0.939963545,0.945255384,0.953214743,0.956644141,0.969451687,0.965167186,0.97240043,0.973055801,0.976930884,0.984545019,0.986821794,0.98469055,0.989317675,0.992346018,0.994190636,1,1,1,1,1,1,1,1
72,0.001055449,0.00797117,0.017570546,0.033012813,0.075919193,0.15057625,0.284670471,0.382221399,0.469508124,0.528986049,0.586932043,0.624543342,0.663990099,0.692088154,0.722199285,0.757739314,0.777286172,0.795744959,0.809858376,0.838580692,0.85118624,0.865055464,0.881588266,0.893583952,0.900302609,0.917582255,0.921914219,0.929249609,0.93816442,0.942346952,0.950374022,0.95255172,0.963534768,0.966583509,0.97225991,0.968332254,0.981446483,0.977227747,0.985020502,0.987372996,0.988567372,0.996099521,0.992148664,1,1,1,1,1,1,1,1
73,0.003503634,0.004969093,0.017984856,0.031747142,0.078011557,0.149756762,0.288260279,0.378080496,0.469747709,0.535170203,0.585797068,0.62912158,0.660316379,0.691662595,0.726770805,0.754343736,0.777657858,0.798910307,0.819792155,0.830057627,0.854942455,0.867334926,0.882282017,0.893180042,0.901673089,0.914589653,0.924357148,0.934493086,0.942197051,0.941002628,0.951984119,0.959359514,0.963255828,0.966625791,0.975487971,0.97601342,0.984108305,0.982383317,0.989182562,0.988090718,0.991760727,0.989796878,0.994240897,1,1,1,1,1,1,1,1
74,-0.004047368,0.0090314,0.017261679,0.03057216,0.073789805,0.147419114,0.281772279,0.382672783,0.467256035,0.530628182,0.584091534,0.625673414,0.666000781,0.695564194,0.730600431,0.755693707,0.773716963,0.795305688,0.815567626,0.834261369,0.848425769,0.864232666,0.880307199,0.890986803,0.899501561,0.915475525,0.924728984,0.931728038,0.937495287,0.942254066,0.952246886,0.962965737,0.962188548,0.968403221,0.97558158,0.973966846,0.980936193,0.979528986,0.98828388,0.987810411,0.990721306,0.994246487,0.992956036,1,1,1,1,1,1,1,1
75,-0.00264635,0.008505808,0.018905358,0.030255811,0.072323906,0.149292059,0.280397729,0.385274829,0.470978829,0.528116291,0.585343798,0.62687786,0.661781714,0.695058505,0.724858877,0.751433442,0.776741446,0.799563625,0.819677936,0.835647506,0.853383948,0.860159329,0.882874384,0.895909715,0.90668844,0.919429224,0.925114378,0.930493929,0.936726099,0.942831494,0.956349067,0.955498567,0.964457918,0.968386015,0.973687021,0.973182745,0.978093853,0.982056941,0.984840776,0.987255889,0.990603162,0.992851637,0.99048086,1,1,1,1,1,1,1,1
76,-0.00133512,0.007631485,0.01085039,0.031089016,0.06834313,0.150056636,0.284487673,0.38074318,0.468704278,0.525365919,0.583014208,0.623798906,0.666894532,0.690588429,0.722620961,0.75253024,0.779594143,0.804266878,0.818271765,0.836611377,0.857713869,0.87155416,0.883259755,0.897319467,0.904866044,0.921371537,0.918922126,0.92517132,0.939971938,0.9402521,0.954000378,0.94932058,0.956871027,0.968897252,0.974022282,0.978760086,0.979042452,0.984598947,0.984802355,0.990149535,0.990012628,0.993620023,0.996623322,1,1,1,1,1,1,1,1
77,0.001592325,0.00619996,0.014991502,0.029375826,0.07024489,0.146236516,0.281305671,0.384337983,0.471209165,0.528730581,0.582543094,0.627332467,0.664496504,0.693788882,0.726835561,0.754540641,0.78253258,0.800036011,0.817821622,0.832344902,0.855537098,0.865111989,0.876291193,0.899863194,0.901916242,0.909573778,0.921641381,0.926132057,0.936633964,0.945954274,0.957319345,0.946787263,0.962191705,0.965622142,0.973480277,0.973689512,0.982578624,0.982755828,0.984229136,0.994156102,0.988500221,0.992743294,0.991241023,1,1,1,1,1,1,1,1
78,0.000344869,0.008452741,0.019893866,0.028971958,0.068049109,0.142958252,0.281575498,0.383722841,0.470653846,0.528993403,0.587109145,0.632168883,0.663132405,0.697139812,0.728216552,0.755348283,0.781657176,0.799365086,0.819427486,0.837994277,0.847792347,0.868957213,0.885205389,0.890480261,0.898756367,0.913749445,0.921885374,0.930196453,0.937688911,0.941623513,0.955192675,0.963451127,0.959305799,0.96976804,0.973662452,0.967720017,0.984120373,0.980377358,0.987850239,0.988231859,0.988720492,0.992811175,0.988512247,1,1,1,1,1,1,1,1
79,-0.001910405,0.007650137,0.015390851,0.029076568,0.071418893,0.143045379,0.281358994,0.383618287,0.470252787,0.532355852,0.585195621,0.625192658,0.660020373,0.695630748,0.729867701,0.753783323,0.777125952,0.797782687,0.815459806,0.837610945,0.84988195,0.872550386,0.879203474,0.889518624,0.904496871,0.913385078,0.923804052,0.93467905,0.939400248,0.94112822,0.954325645,0.958337808,0.961689534,0.962719266,0.973445803,0.976443492,0.979988297,0.978870538,0.985886996,0.987861945,0.984397177,0.994156567,0.994107262,1,1,1,1,1,1,1,1
80,-0.001008724,0.004541267,0.017605564,0.026800342,0.068110081,0.142928561,0.279901777,0.381111621,0.473575683,0.527806988,0.584145374,0.625784119,0.661713525,0.697372686,0.729942318,0.760512885,0.777981321,0.794942807,0.818208444,0.838587811,0.853453573,0.868957319,0.877801066,0.888914299,0.908307249,0.912082203,0.925975325,0.92703477,0.934728025,0.947014996,0.943880867,0.959114819,0.967068932,0.969580598,0.972521713,0.976461171,0.977876986,0.982673193,0.987212767,0.98836318,0.986566964,0.993904486,0.991690351,1,1,1,1,1,1,1,1
81,-0.004328637,0.005317712,0.015484727,0.025531574,0.065536418,0.148275449,0.277575593,0.376766523,0.472529558,0.530610813,0.592170854,0.622317039,0.666231078,0.69481381,0.730951414,0.75393404,0.780070435,0.794032373,0.816678098,0.837177374,0.858301927,0.865403032,0.881409933,0.889730564,0.901473661,0.914433755,0.918374959,0.931343857,0.926566711,0.945905122,0.956916717,0.960800778,0.960817372,0.971711341,0.971546114,0.977688643,0.977664767,0.983445447,0.980168306,0.987616251,0.987575503,0.990017477,0.992709242,1,1,1,1,1,1,1,1
82,-0.002307071,0.008378112,0.015921754,0.025384781,0.066062157,0.142007019,0.276050153,0.37781032,0.466148278,0.531693704,0.584962616,0.623570699,0.65992636,0.69072515,0.730444341,0.756741896,0.783468758,0.796703955,0.817271827,0.840776583,0.858585708,0.858472803,0.882301514,0.882744817,0.902247495,0.914505788,0.929990535,0.936916739,0.931497824,0.94184043,0.950497731,0.958448753,0.961803843,0.968827179,0.971256737,0.974134448,0.973065102,0.985475145,0.985610248,0.987768652,0.988137543,0.99049558,0.995127762,1,1,1,1,1,1,1,1
83,-0.002849688,0.006811989,0.016686901,0.028140336,0.062968839,0.140848097,0.27374995,0.379486099,0.470994865,0.533921787,0.581836837,0.621438928,0.666114583,0.695020465,0.727275013,0.759988289,0.783200535,0.792079356,0.812606064,0.830544848,0.859089216,0.869390877,0.87436252,0.887590344,0.900494862,0.913843855,0.921355329,0.930431474,0.928172876,0.940153796,0.953005459,0.963437712,0.963177474,0.969724298,0.969846335,0.974524873,0.975971477,0.980508972,0.984743022,0.984642939,0.986438729,0.993784356,0.993727785,1,1,1,1,1,1,1,1
84,-0.001644811,0.006281476,0.016856654,0.025116428,0.064993164,0.136618124,0.276654059,0.378271561,0.475216046,0.535973803,0.586169898,0.621728318,0.664245123,0.699363235,0.726149256,0.757701502,0.780011447,0.7985777,0.81290108,0.842632339,0.856459952,0.870452605,0.879454063,0.895054872,0.901081801,0.913982052,0.922883865,0.926294241,0.936560094,0.938599957,0.952850056,0.963447814,0.963543864,0.966480418,0.974143115,0.971990087,0.980896336,0.983523779,0.986102698,0.989079963,0.992452405,0.994340938,0.991568631,1,1,1,1,1,1,1,1
85,0.001269566,0.005391993,0.012099214,0.027790843,0.063369405,0.137654472,0.274424908,0.385968337,0.468915264,0.531179568,0.586489565,0.621737343,0.664256984,0.696265883,0.726561213,0.75842798,0.789620166,0.803478252,0.817210315,0.837039093,0.857308166,0.863399993,0.882206968,0.892648459,0.904421503,0.910746812,0.926240673,0.935966348,0.939237259,0.942353435,0.951591212,0.96227753,0.967175917,0.970811333,0.963223535,0.969340823,0.979025762,0.985590911,0.982000612,0.989279122,0.986854802,0.988802073,0.993033275,1,1,1,1,1,1,1,1
86,-0.003363599,0.001407198,0.017152393,0.023537839,0.062731124,0.133160211,0.274096521,0.383851223,0.468302037,0.535386559,0.582847399,0.621778046,0.6661709,0.703881076,0.733398341,0.750995808,0.783145011,0.803497809,0.819611864,0.838015568,0.855006226,0.862358831,0.879003947,0.893024756,0.898441313,0.912900452,0.911856995,0.928110838,0.942220832,0.942755125,0.949501845,0.952208268,0.963824081,0.967963035,0.971942294,0.954060063,0.979550592,0.983853258,0.983501008,0.990072407,0.988149403,0.988765733,0.995855123,1,1,1,1,1,1,1,1
87,-0.001846126,0.00649536,0.014918888,0.023752862,0.059337723,0.132210505,0.276622546,0.380958555,0.471236834,0.533688732,0.58083652,0.626022577,0.663319678,0.700992674,0.730132028,0.74599262,0.787570359,0.802461354,0.820684427,0.833528586,0.852027943,0.869599184,0.879490098,0.890037849,0.901205481,0.913675995,0.921012718,0.932811297,0.942506666,0.95262336,0.955962378,0.95877405,0.961871216,0.967533419,0.971085074,0.973741816,0.979074052,0.983189056,0.983354266,0.985009997,0.990745668,0.994958217,0.993453804,1,1,1,1,1,1,1,1
88,-0.004454598,0.006378363,0.0075444,0.025464292,0.057394679,0.138785477,0.272737709,0.381632511,0.476287907,0.537566111,0.578462536,0.624468746,0.663056184,0.697545881,0.723909354,0.754308051,0.783270208,0.798945806,0.823335352,0.83235272,0.85380893,0.864068441,0.874513312,0.890516126,0.90791942,0.908126783,0.910230103,0.932495538,0.941550254,0.948405927,0.945947846,0.958311465,0.956228689,0.964089846,0.972361846,0.976041286,0.979561054,0.98140853,0.989125109,0.986612756,0.985641489,0.993652482,0.995534176,1,1,1,1,1,1,1,1
89,-0.001412033,0.004082982,0.014608088,0.024070295,0.058003433,0.133850854,0.27370427,0.384290761,0.477169926,0.531792225,0.583516566,0.625690837,0.664848012,0.701214146,0.723841172,0.755027065,0.782734914,0.807607459,0.825605388,0.835989245,0.844813892,0.87215999,0.88008685,0.895050371,0.905458894,0.913503404,0.922794682,0.932214361,0.94058349,0.941502528,0.946988203,0.961840802,0.962516257,0.970940966,0.977198681,0.974525583,0.978164262,0.981637024,0.989164292,0.983171286,0.985743691,0.990652356,0.99295997,1,1,1,1,1,1,1,1
90,0.000411663,0.00753916,0.013879365,0.022664735,0.060273315,0.135119418,0.271507328,0.384449114,0.46874735,0.531399254,0.584245209,0.622252278,0.668898384,0.695300016,0.725263872,0.755428174,0.778211414,0.80299177,0.82350309,0.832476556,0.853456609,0.870607479,0.882208887,0.903085345,0.902483115,0.912438168,0.922190345,0.926805723,0.935998205,0.937639142,0.951431062,0.951509853,0.950767964,0.97098126,0.971810407,0.972916481,0.981059751,0.982256554,0.983043271,0.969247666,0.992187954,0.992090063,0.9966619,1,1,1,1,1,1,1,1
91,0.003792478,0.005018344,0.011508599,0.019608235,0.0570409,0.133148564,0.273581308,0.386266869,0.47472124,0.527707046,0.583031711,0.621415537,0.66865197,0.700391573,0.728583287,0.758368747,0.778390117,0.797644292,0.824468915,0.835666024,0.852530147,0.870875286,0.875580473,0.896466447,0.901102113,0.90353871,0.916130839,0.926754176,0.929580568,0.945741561,0.948142843,0.950857785,0.959822554,0.968126145,0.969999498,0.975427961,0.978701228,0.984391814,0.985839667,0.986482026,0.988234525,0.993513317,0.993255285,1,1,1,1,1,1,1,1
92,0.004492741,0.005561584,0.010275462,0.019096276,0.060256932,0.130700915,0.275782335,0.388619553,0.47514842,0.529889834,0.581425529,0.616997654,0.667813229,0.695790903,0.727526536,0.754516005,0.775178042,0.800644955,0.820889237,0.832279019,0.85483774,0.867701916,0.886652998,0.890484229,0.901846109,0.906883256,0.923788305,0.925232887,0.938298492,0.945737759,0.944804145,0.953868771,0.960620973,0.969201287,0.9783061,0.966979393,0.97822863,0.979009772,0.987689051,0.987825318,0.992010891,0.992109943,0.989920101,1,1,1,1,1,1,1,1
93,6.03E-05,0.003909226,0.012970208,0.019080162,0.051100373,0.130238303,0.274881469,0.39039033,0.471937384,0.530176002,0.584400587,0.617089732,0.661357382,0.693984612,0.724654436,0.756523442,0.780147501,0.799198018,0.820013582,0.838804948,0.853812446,0.872974812,0.883390113,0.892180451,0.899943081,0.913539943,0.927120518,0.929168317,0.935709758,0.94581343,0.947530224,0.957266319,0.957020973,0.96582538,0.972016789,0.975243152,0.977069056,0.979874055,0.978856029,0.988212396,0.991005925,0.990115551,0.991581842,1,1,1,1,1,1,1,1
94,-0.00197908,0.00428921,0.016417328,0.021478257,0.051956539,0.128538447,0.277894978,0.378922983,0.471138393,0.529901518,0.579656918,0.61848499,0.662627756,0.69788693,0.725004636,0.761321263,0.775659684,0.802525598,0.820868574,0.836785963,0.854447777,0.867657273,0.883230988,0.890369117,0.908012907,0.91670683,0.920705332,0.93036429,0.940566952,0.947307513,0.950625018,0.950074068,0.955838065,0.965473549,0.963768773,0.975279387,0.977717009,0.980801097,0.983524227,0.986348817,0.99255802,0.989029374,0.997585507,1,1,1,1,1,1,1,1
95,0.0008555,0.006777597,0.014055622,0.023362993,0.050833772,0.124897465,0.275380925,0.380467991,0.476866608,0.531321264,0.583828979,0.620457066,0.664423134,0.692377559,0.726897393,0.759244917,0.777470922,0.799730404,0.822939911,0.838084834,0.853202029,0.865718862,0.875931201,0.891229723,0.907399409,0.914082099,0.927317709,0.93252089,0.937141073,0.949170318,0.948900599,0.94881407,0.962586738,0.968610959,0.972535001,0.972287508,0.968321987,0.983895694,0.987559698,0.981866439,0.986600776,0.994103877,0.997756584,1,1,1,1,1,1,1,1
96,0.000495153,0.00320693,0.011663043,0.025292597,0.050644013,0.127752775,0.279567417,0.380737822,0.472309707,0.53568375,0.580868239,0.621274319,0.665136998,0.697609716,0.726134475,0.755779455,0.775306097,0.797210268,0.819470614,0.83862312,0.856530771,0.862821178,0.879532413,0.883179008,0.903061685,0.911374412,0.927109279,0.929715809,0.940324218,0.946814955,0.94275941,0.954972465,0.96095793,0.969754025,0.966043926,0.970850657,0.977141735,0.983422769,0.986214045,0.987274587,0.991360786,0.989327535,0.994722884,1,1,1,1,1,1,1,1
97,0.002512424,0.005415504,0.010646562,0.020031054,0.054738713,0.12344182,0.270682534,0.384771995,0.474922226,0.538719833,0.575905921,0.626812649,0.66617181,0.7048674,0.725658913,0.755642164,0.777881588,0.798276655,0.823014191,0.840554878,0.858469824,0.865793525,0.877863128,0.893613857,0.89587703,0.91717986,0.925686437,0.934364138,0.940370123,0.940812267,0.941497904,0.953756595,0.965916595,0.968479256,0.969105691,0.974441345,0.978155086,0.980310488,0.988776193,0.987758879,0.993632306,0.989973994,0.992330848,1,1,1,1,1,1,1,1
98,0.002227815,0.001153143,0.009628652,0.018675222,0.050384608,0.122467721,0.275634421,0.383122948,0.473336139,0.542222931,0.58047076,0.62302926,0.666658333,0.697833,0.723263844,0.753619689,0.777486741,0.800869001,0.819279449,0.844686416,0.855091345,0.865958063,0.880441862,0.898703609,0.904577708,0.916208305,0.924952262,0.933286676,0.939423767,0.950229454,0.943419983,0.958089119,0.965523329,0.95524932,0.972750776,0.973094772,0.969015555,0.982492604,0.984853348,0.985418765,0.989360565,0.989454757,0.997147283,1,1,1,1,1,1,1,1
99,0.001279194,0.004139681,0.015618666,0.022508538,0.050827346,0.124317419,0.275032009,0.383940138,0.469920602,0.542921227,0.584967631,0.626891668,0.667248502,0.693878464,0.722629301,0.760926964,0.780908266,0.803041209,0.822145711,0.836463956,0.855431454,0.85539287,0.881220227,0.890916444,0.905262896,0.915664647,0.923994552,0.934318925,0.940423813,0.941388809,0.951705147,0.95539587,0.961414419,0.966567941,0.968911062,0.973691015,0.981571152,0.967653835,0.986909153,0.986844053,0.988209916,0.989777201,0.992581088,1,1,1,1,1,1,1,1
100,0.001559174,0.003776397,0.014164959,0.022465608,0.048615271,0.122189921,0.275195621,0.382234031,0.470981674,0.539315241,0.583457969,0.626437531,0.663414755,0.692647228,0.724275342,0.761039248,0.782490235,0.793795409,0.820672392,0.832385518,0.847216049,0.858432096,0.881162926,0.887264903,0.908470424,0.911866316,0.922235778,0.930756993,0.942382773,0.944897126,0.953446972,0.954044318,0.968562596,0.968370202,0.972562764,0.982644372,0.981372104,0.97986017,0.986716009,0.988919317,0.993016946,0.991825348,0.99386685,1,1,1,1,1,1,1,1
Avg last 20,-0.000261482,0.005066598,0.013605074,0.023152646,0.057353436,0.132311149,0.275037803,0.382647983,0.472341523,0.53405356,0.582977612,0.622494761,0.665028558,0.697119486,0.726627708,0.756276366,0.780611122,0.799665582,0.820158504,0.836743379,0.854521407,0.865961956,0.880002221,0.891694564,0.903039045,0.912760072,0.922298561,0.930993676,0.937455787,0.944484601,0.949376238,0.95640982,0.961499542,0.967736058,0.971020726,0.972945183,0.977566335,0.981630049,0.985187513,0.985972582,0.989495892,0.991339509,0.994068997,1,1,1,1,1,1,1,1
