Generation,Resistance Fitness=0.0,Resistance Fitness=0.01,Resistance Fitness=0.02,Resistance Fitness=0.03,Resistance Fitness=0.04,Resistance Fitness=0.05,Resistance Fitness=0.06,Resistance Fitness=0.07,Resistance Fitness=0.08,Resistance Fitness=0.09,Resistance Fitness=0.1,Resistance Fitness=0.11,Resistance Fitness=0.12,Resistance Fitness=0.13,Resistance Fitness=0.14,Resistance Fitness=0.15,Resistance Fitness=0.16,Resistance Fitness=0.17,Resistance Fitness=0.18,Resistance Fitness=0.19,Resistance Fitness=0.2,Resistance Fitness=0.21,Resistance Fitness=0.22,Resistance Fitness=0.23,Resistance Fitness=0.24,Resistance Fitness=0.25,Resistance Fitness=0.26,Resistance Fitness=0.27,Resistance Fitness=0.28,Resistance Fitness=0.29,Resistance Fitness=0.3,Resistance Fitness=0.31,Resistance Fitness=0.32,Resistance Fitness=0.33,Resistance Fitness=0.34,Resistance Fitness=0.35,Resistance Fitness=0.36,Resistance Fitness=0.37,Resistance Fitness=0.38,Resistance Fitness=0.39,Resistance Fitness=0.4,Resistance Fitness=0.41,Resistance Fitness=0.42,Resistance Fitness=0.43,Resistance Fitness=0.44,Resistance Fitness=0.45,Resistance Fitness=0.46,Resistance Fitness=0.47,Resistance Fitness=0.48,Resistance Fitness=0.49,Resistance Fitness=0.5
1,-0.00136382,0.001789356,-0.002255733,-0.005417427,0.00098025,0.002497428,0.002689411,-0.002439257,-0.001421706,-0.001976383,-0.001729697,-0.000129975,0.003501366,-0.001772917,0.003065126,0.001069877,-0.000481234,0.000418585,0.000522178,-0.001946869,-0.004229731,-0.002970094,0.001684049,0.00118503,-0.000401009,0.000954446,-0.001986907,-1.00E-05,0.000462377,-0.000245406,-0.000421462,-0.00492091,-0.000839782,-0.004413288,-0.001049339,-0.001555475,0.001216982,3.49E-05,0.000464854,-0.000969665,0.002749564,-0.001424252,0.001424858,0.002995982,-0.00217093,0.002326048,0.000851674,-0.003039301,-0.00116976,-0.002675176,0.001815227
2,1,0.992584081,0.985901495,0.978568251,0.971856979,0.963929079,0.9574148,0.950005499,0.942327343,0.935428018,0.928088856,0.920028554,0.912157337,0.904091509,0.896610263,0.889141959,0.881966265,0.876385959,0.868165368,0.859735388,0.851023172,0.844264054,0.836189318,0.827787772,0.82043838,0.813944412,0.804767781,0.799963055,0.792674434,0.783382671,0.775876259,0.766872116,0.760275304,0.753556806,0.745337762,0.736101397,0.72842317,0.722092127,0.713366312,0.708274333,0.699713456,0.691846631,0.686320022,0.674995884,0.66917511,0.66023299,0.654268152,0.645737637,0.638468286,0.630709121,0.625450678
3,1,0.993227717,0.986348349,0.980547989,0.973272171,0.966688179,0.958932999,0.951119276,0.944773097,0.937471047,0.92982634,0.923807386,0.915191718,0.906507574,0.899176151,0.890459239,0.88083158,0.875034425,0.865284818,0.860023922,0.852825948,0.841699453,0.838502838,0.829221822,0.820944485,0.809009908,0.80415885,0.795240182,0.787226939,0.777324872,0.768439964,0.760114552,0.756279,0.743864626,0.736797261,0.724878005,0.720111949,0.710823813,0.699031581,0.693120371,0.687354121,0.67620746,0.670443981,0.659907691,0.654396249,0.644378849,0.633907617,0.62643897,0.616012437,0.609394003,0.59911633
4,1,0.994887146,0.989951662,0.983984245,0.978434908,0.971615958,0.963883988,0.958559633,0.952443672,0.945866191,0.937797916,0.931077424,0.923932062,0.9153335,0.909397796,0.900253647,0.895346903,0.88262416,0.876269603,0.86989815,0.86072894,0.851860149,0.844881159,0.834809559,0.826627663,0.817675766,0.810836091,0.801875938,0.793678811,0.783253624,0.776547368,0.765612845,0.756339493,0.748607455,0.740170923,0.728909134,0.719472554,0.710215414,0.702409626,0.694648984,0.684895912,0.676594443,0.66848981,0.656810971,0.650102449,0.640916069,0.630971144,0.619988073,0.610261307,0.605642227,0.591684908
5,1,0.994446824,0.989398742,0.983799862,0.978734003,0.972461317,0.965622965,0.960869832,0.955224694,0.948061302,0.941613325,0.934797705,0.927004611,0.920184651,0.912437561,0.904312513,0.894777728,0.888792506,0.87959662,0.874738736,0.864123039,0.854790718,0.848251109,0.839385225,0.831653593,0.822808343,0.813319111,0.80471954,0.794912156,0.785875211,0.777783339,0.764614966,0.757886693,0.749351837,0.740587516,0.730903098,0.72145358,0.709418057,0.698816118,0.691376687,0.681774866,0.674580894,0.664270187,0.654560206,0.642638335,0.635293236,0.621673593,0.614147958,0.604012239,0.592568126,0.583766993
6,1,0.994819476,0.990149798,0.983905622,0.979188263,0.973931293,0.967558552,0.962832296,0.956540101,0.949050069,0.944778961,0.935185648,0.93042113,0.924236458,0.91674362,0.908315791,0.900878059,0.892246674,0.883558099,0.877966356,0.869845969,0.8579017,0.851434329,0.845962407,0.836673387,0.825620692,0.816332655,0.809208216,0.79731412,0.787935003,0.783540312,0.769233848,0.759524791,0.753210872,0.739564442,0.731123693,0.719267166,0.71011897,0.697964668,0.691066277,0.680747677,0.669632741,0.66001304,0.652712962,0.637745083,0.6291764,0.623851558,0.607723466,0.599659472,0.588622718,0.578059494
7,1,0.994829643,0.990474792,0.984571984,0.978026832,0.97393498,0.967698791,0.962489234,0.95758696,0.950425479,0.944181832,0.937669889,0.930513053,0.924193279,0.918627019,0.911046468,0.901739705,0.895575302,0.88681413,0.880316468,0.871324315,0.86382894,0.853694487,0.845595445,0.838230058,0.828917692,0.820686491,0.810271604,0.800605284,0.788944421,0.783299999,0.774942701,0.759373332,0.751657745,0.740748092,0.727566412,0.719016676,0.708445393,0.698868944,0.689294015,0.678347484,0.671977839,0.656276365,0.647959031,0.636557996,0.626016745,0.615081469,0.60513689,0.5918398,0.582931127,0.575061522
8,1,0.995468016,0.990340946,0.985103963,0.978425346,0.97402545,0.968952245,0.961736992,0.955685125,0.951426065,0.944067967,0.937915156,0.933152892,0.924850807,0.917324495,0.911659387,0.903644498,0.895243932,0.886287859,0.882117977,0.873690449,0.864012254,0.853740765,0.849341987,0.83705665,0.829719851,0.821609935,0.813101369,0.800612392,0.793433332,0.782663028,0.770609139,0.761638891,0.754809587,0.740979317,0.728448579,0.720072902,0.707477702,0.698129905,0.690099692,0.679079713,0.665605941,0.656653093,0.649026855,0.634524148,0.622798948,0.614173698,0.603244292,0.589088825,0.580358129,0.565055465
9,1,0.994729374,0.990072451,0.984772675,0.979999705,0.973079175,0.968935902,0.962689713,0.956522393,0.951289142,0.943474498,0.938407183,0.931437263,0.925866722,0.918988242,0.90931159,0.903790029,0.897812242,0.89006069,0.881203987,0.874301189,0.865170808,0.854814132,0.85074911,0.839999801,0.82994722,0.82296996,0.815574504,0.804522626,0.789134503,0.781539714,0.771690603,0.763510991,0.754392553,0.739448117,0.726803225,0.723238776,0.708323328,0.695025465,0.689578736,0.678585723,0.665716433,0.650965857,0.643299268,0.635206348,0.617841504,0.606472683,0.598057989,0.584466952,0.576450597,0.564789502
10,1,0.99459552,0.990575957,0.985175868,0.979404541,0.973438597,0.968992793,0.961900405,0.954939176,0.950365853,0.943753492,0.938455087,0.932542319,0.925106799,0.919201196,0.911946563,0.904415028,0.896694963,0.891129193,0.882567534,0.874667217,0.864987753,0.856025203,0.850856478,0.842811419,0.833009353,0.820357213,0.812824774,0.804884546,0.792393377,0.784462375,0.772013358,0.764885796,0.751065956,0.74100269,0.729519535,0.719201829,0.70910595,0.696275602,0.687355781,0.674277047,0.66730225,0.655173958,0.644724699,0.626808658,0.615902366,0.604781934,0.597981957,0.583581315,0.569206054,0.56103843
11,1,0.994957739,0.989435625,0.984267671,0.980323657,0.972952514,0.968001349,0.962866265,0.957795497,0.951317443,0.944175919,0.9375986,0.931084333,0.925194482,0.918978974,0.91295834,0.904654345,0.897933666,0.890886683,0.881672473,0.874097963,0.868496076,0.858269082,0.850651368,0.843920705,0.835339188,0.822086902,0.813511045,0.805687038,0.791670409,0.787803815,0.774636133,0.766472181,0.753397806,0.742218001,0.72926565,0.72141369,0.712942486,0.69400069,0.685119813,0.675333964,0.664640717,0.651726786,0.64245015,0.625682677,0.614604726,0.603663455,0.590672084,0.579459254,0.571618991,0.558628748
12,1,0.995224536,0.990086309,0.984701358,0.978643785,0.974108592,0.968478085,0.962342738,0.955697956,0.951104867,0.944295477,0.938040857,0.931233,0.92637156,0.918320022,0.912295365,0.905662625,0.898933844,0.889803283,0.884099984,0.872190642,0.865601532,0.859991485,0.849356143,0.844396657,0.833695185,0.822436771,0.815883214,0.806305209,0.793824811,0.786024351,0.774747266,0.767648702,0.754953914,0.744284152,0.730569922,0.721665793,0.708731279,0.693673225,0.684047294,0.671714058,0.660752239,0.651849623,0.639830338,0.624739704,0.615508545,0.601809796,0.59138018,0.57852982,0.566052431,0.554913266
13,1,0.994855808,0.989599878,0.984405048,0.980387457,0.972899183,0.967643495,0.961970348,0.956398892,0.951978814,0.944983278,0.938840659,0.930119944,0.925458286,0.918623964,0.911588013,0.906684285,0.897732027,0.891372878,0.881889295,0.876616506,0.868275425,0.853948723,0.851259538,0.842823992,0.834478774,0.823579876,0.815857521,0.806952438,0.796949476,0.78685332,0.773643737,0.765357991,0.752518109,0.742952148,0.730105835,0.719321624,0.707852477,0.693722011,0.682720676,0.671683283,0.664466089,0.6501092,0.637814325,0.62184895,0.609795107,0.601142708,0.589048448,0.574925675,0.560355998,0.552006938
14,1,0.994819018,0.990187653,0.984405117,0.978905611,0.973701339,0.967682481,0.962765009,0.9562942,0.94977895,0.945934451,0.938874306,0.93210308,0.925186417,0.917521545,0.912378492,0.905266525,0.897731615,0.891090796,0.884662976,0.87349577,0.868110835,0.860111919,0.851606966,0.84349113,0.832903229,0.824746936,0.813294439,0.808064248,0.79606902,0.787574221,0.774605691,0.766054954,0.756333981,0.742907722,0.731173209,0.721261921,0.706159504,0.696309522,0.6813435,0.670753232,0.660199507,0.649697985,0.634321487,0.622185397,0.610753802,0.599075208,0.585358637,0.576057855,0.560736473,0.552024277
15,1,0.995104139,0.990051279,0.984724175,0.979623186,0.973840207,0.96802902,0.962696914,0.956498761,0.950425914,0.944979678,0.938708649,0.932225472,0.925453372,0.91857748,0.912693936,0.904204396,0.896000363,0.890768914,0.884105076,0.875793688,0.867721421,0.859006453,0.851393079,0.842016832,0.832655874,0.823035276,0.816104199,0.805921118,0.796749105,0.787147951,0.775948209,0.76465323,0.754513177,0.741750489,0.73251736,0.717180183,0.707291859,0.693347854,0.685099508,0.672091237,0.662825015,0.649054917,0.640199165,0.619847796,0.606817672,0.596985856,0.584179393,0.570634853,0.558426787,0.548958009
16,1,0.994760471,0.989160637,0.984162317,0.979337264,0.973701663,0.967017019,0.964173791,0.956111086,0.948972381,0.94586447,0.938750612,0.932036565,0.925976002,0.918774018,0.91225931,0.906370321,0.898067084,0.889655172,0.882860474,0.874574555,0.867633016,0.85980103,0.84978791,0.840054961,0.835989969,0.826117489,0.816185326,0.808282583,0.797415881,0.786548651,0.773184475,0.76561775,0.755415469,0.742816461,0.729768198,0.719621546,0.70832213,0.69240084,0.679804185,0.673060196,0.658308166,0.645403704,0.634422909,0.619957792,0.606625342,0.596654703,0.58244794,0.57532023,0.55797271,0.547465893
17,1,0.994655539,0.989406715,0.984494948,0.978921793,0.97349939,0.968124507,0.963680705,0.957285515,0.950413882,0.945191641,0.935868721,0.931840657,0.927237705,0.91890219,0.914312735,0.907211536,0.897638345,0.890659837,0.884457176,0.874699612,0.867407511,0.860971836,0.851399281,0.841237526,0.832766135,0.82438433,0.817997344,0.807570994,0.797652096,0.787116736,0.775633125,0.765832946,0.753075141,0.739631417,0.730615512,0.719811492,0.707552876,0.693697931,0.681586176,0.671948542,0.658602782,0.649094327,0.634926558,0.619385001,0.606054126,0.593064944,0.583122077,0.57256962,0.556335838,0.54389397
18,1,0.995114225,0.989703805,0.985261972,0.979635794,0.973704992,0.967955647,0.962635143,0.956844952,0.949850307,0.94521372,0.937976045,0.932962064,0.925193239,0.919680479,0.911599125,0.905213104,0.89633601,0.889773282,0.882067827,0.877276585,0.867947017,0.858698349,0.848396619,0.842130342,0.832848612,0.825924776,0.813841729,0.803912156,0.795596438,0.784984961,0.774079966,0.764565323,0.755871515,0.73998386,0.730304641,0.716647113,0.70639333,0.693222336,0.685310154,0.669946681,0.659716719,0.64797388,0.633884404,0.616951285,0.602760082,0.594228486,0.584681111,0.568418991,0.55703867,0.542808504
19,1,0.994691334,0.989407167,0.985223459,0.978482001,0.974248758,0.966808216,0.962936959,0.956246768,0.950846314,0.945827582,0.938852328,0.930679065,0.925317757,0.916350148,0.91235098,0.904658226,0.898135832,0.891175603,0.883616441,0.875236671,0.866984293,0.860557111,0.85098061,0.843141391,0.834477294,0.823170396,0.815998354,0.805982243,0.797852735,0.783790695,0.773436274,0.768836165,0.755059967,0.742739191,0.729112758,0.720302127,0.708819972,0.692096825,0.684162624,0.672194422,0.659651953,0.644247602,0.630717434,0.620177686,0.604318099,0.592140502,0.582648123,0.57099095,0.553850233,0.540880786
20,1,0.994619481,0.991059782,0.985082918,0.980164861,0.973764983,0.968674579,0.963215266,0.957193252,0.950803101,0.945313604,0.938751572,0.932129669,0.924027412,0.918920549,0.910276281,0.904671634,0.898335837,0.892212947,0.881929306,0.875107731,0.86813671,0.857617734,0.850679073,0.845188389,0.832951888,0.823422834,0.814747824,0.807246896,0.793165539,0.787493964,0.775477365,0.765861903,0.756012162,0.744676172,0.730625905,0.719967076,0.70859266,0.694627275,0.682125783,0.670533584,0.656753848,0.647673756,0.633828875,0.617868158,0.605043909,0.58869774,0.578622518,0.567507953,0.551115841,0.539889165
21,1,0.995112214,0.989496912,0.984783749,0.979685218,0.97439235,0.968319815,0.961737809,0.957951722,0.951330366,0.94596494,0.937664885,0.930653958,0.924926389,0.9178102,0.912070336,0.905782898,0.897530895,0.891730073,0.885677349,0.875275351,0.866960428,0.859820154,0.848200978,0.843954601,0.832920358,0.824160919,0.815211848,0.808117399,0.796157755,0.787683736,0.776039254,0.76156782,0.755842769,0.744351401,0.730930632,0.718417578,0.707080407,0.693603046,0.68163351,0.671933164,0.656657493,0.645161452,0.631407632,0.616164353,0.6055555,0.590351997,0.577626714,0.566665997,0.553270483,0.537358732
22,1,0.994828395,0.99011793,0.984335468,0.979852226,0.974426156,0.968687838,0.961629543,0.955640624,0.950629827,0.944085765,0.939226298,0.92913287,0.925772579,0.919086421,0.910985712,0.905302953,0.89739574,0.891292011,0.884498358,0.875868913,0.867546923,0.861957359,0.849354956,0.845083805,0.833784677,0.825313844,0.815987157,0.805042774,0.799466549,0.78461438,0.774768278,0.76494661,0.757463003,0.74168905,0.732998158,0.719255708,0.711367571,0.695351718,0.681399038,0.66889492,0.655081561,0.643342005,0.631993885,0.618467747,0.603571895,0.589320558,0.577451737,0.565041625,0.552398082,0.539676506
23,1,0.994927186,0.990314226,0.985637821,0.979486515,0.973880255,0.968249321,0.962437712,0.956557994,0.949720115,0.94368558,0.940580887,0.932230919,0.926137534,0.916824595,0.91115028,0.905327847,0.900275231,0.890803787,0.882710499,0.877728583,0.868214387,0.859194815,0.852695278,0.846022618,0.833588717,0.824173415,0.815828662,0.804244346,0.797149983,0.782329373,0.775634084,0.767328043,0.755272066,0.746222929,0.728608756,0.719556678,0.706488295,0.69265866,0.683213218,0.668017671,0.659642446,0.640400845,0.630103601,0.617458594,0.602071102,0.588754426,0.576016295,0.562712119,0.548487001,0.534690195
24,1,0.995251582,0.989611455,0.984694503,0.979513981,0.973336646,0.96885381,0.961108457,0.957109747,0.951224361,0.943028839,0.938918512,0.934003145,0.924037717,0.918244697,0.911989407,0.902426155,0.898651283,0.888917624,0.883141839,0.876147743,0.868389696,0.85674367,0.850648605,0.844487671,0.831881899,0.823870214,0.813807019,0.804711216,0.796107553,0.785976831,0.776057239,0.766273327,0.755993411,0.746578144,0.731141258,0.720598106,0.706562003,0.690691676,0.683219212,0.669372619,0.65683681,0.641517159,0.630034222,0.615388472,0.600180126,0.587611579,0.572651836,0.563901128,0.55029743,0.536652551
25,1,0.994976068,0.990077945,0.985087385,0.979286173,0.974339581,0.968887344,0.960823311,0.957020619,0.950691348,0.945314365,0.93916282,0.93332564,0.923084975,0.919527838,0.912830534,0.903599722,0.900093925,0.888841684,0.884078057,0.877144291,0.865818366,0.858416416,0.851602049,0.84268811,0.834128807,0.823990835,0.816721577,0.804565021,0.794697761,0.788030776,0.778740296,0.763465126,0.754043887,0.745169543,0.733897101,0.719655962,0.708893763,0.696714958,0.685587599,0.665473238,0.656563231,0.640983434,0.629920084,0.613327253,0.601430008,0.584643692,0.572933857,0.563914296,0.547193567,0.534704138
26,1,0.995020309,0.989813405,0.985180948,0.978612241,0.974418806,0.967396753,0.960891527,0.957577099,0.951497565,0.945187274,0.938183664,0.932581165,0.92450943,0.919285718,0.911483254,0.904413341,0.897826781,0.889652497,0.883405437,0.875029395,0.868708293,0.859004567,0.852062036,0.843755346,0.831413932,0.823072304,0.818261996,0.805569186,0.797094843,0.784551848,0.776943759,0.767663309,0.754161383,0.741810086,0.730104495,0.719206525,0.705943801,0.696266342,0.679211326,0.667686939,0.656041884,0.641477415,0.625403698,0.615443674,0.602479905,0.588033888,0.574330651,0.561271357,0.548110197,0.538191203
27,1,0.994782512,0.989914019,0.984107386,0.979641702,0.973906827,0.967388689,0.96283359,0.956932057,0.95117961,0.945745454,0.93699374,0.933447332,0.924378684,0.919610359,0.911696787,0.90501802,0.898487969,0.890779633,0.884006995,0.874860968,0.866890641,0.859459976,0.853439715,0.846052586,0.83540317,0.822434912,0.818734952,0.803727042,0.794702285,0.78482186,0.777626036,0.765788653,0.757598516,0.743460234,0.730317047,0.719439965,0.708482658,0.695256363,0.683738931,0.667124538,0.658001955,0.644268656,0.631349175,0.616899925,0.602358297,0.585335615,0.576147387,0.559829918,0.545808364,0.533894615
28,1,0.994861636,0.989628849,0.985448252,0.978807624,0.974364223,0.966640528,0.962791417,0.955378159,0.950661999,0.945252668,0.939672082,0.932092196,0.925008932,0.919657843,0.910111354,0.904978742,0.901304815,0.891263334,0.881437654,0.874770796,0.868816882,0.859646184,0.85280742,0.8416104,0.834052958,0.824263219,0.817743894,0.805587782,0.794043275,0.78836819,0.778387549,0.764887676,0.757248689,0.742251803,0.730021135,0.719551434,0.706459518,0.693100627,0.684734291,0.664022884,0.657324135,0.639367189,0.625397841,0.61682706,0.600717075,0.58770443,0.575791332,0.561345794,0.545020802,0.529446964
29,1,0.995072809,0.98986169,0.984327859,0.980199108,0.973275676,0.968146969,0.961641605,0.956666231,0.949832252,0.944203162,0.940115648,0.93344313,0.924395477,0.918690931,0.911433422,0.906028886,0.897987751,0.891741223,0.884692596,0.872985967,0.866167591,0.857840332,0.851898887,0.845807002,0.833879407,0.823038204,0.814977731,0.803449432,0.792634728,0.784593545,0.776311402,0.767631184,0.755118563,0.74266736,0.730921687,0.717415786,0.705877364,0.69163978,0.677524381,0.66633268,0.65549696,0.641557308,0.628831967,0.612759867,0.596337925,0.583932626,0.574787346,0.558981428,0.545539349,0.532348752
30,1,0.995102518,0.989835102,0.984141364,0.978489835,0.973337414,0.969164557,0.962305073,0.956505021,0.950947174,0.944286381,0.939546063,0.932749707,0.923151479,0.917512177,0.911553487,0.904776544,0.897317638,0.891248167,0.882705102,0.872881609,0.866936712,0.859359221,0.851637573,0.842578262,0.833875279,0.825283779,0.816721402,0.807603669,0.794868959,0.788263617,0.776479824,0.766434478,0.759943535,0.743005865,0.730867961,0.721508355,0.705765794,0.692807706,0.680399582,0.667164261,0.653323463,0.643087362,0.628439218,0.615208973,0.598157548,0.584996858,0.571447117,0.557903281,0.541378229,0.530493742
31,1,0.995145863,0.989187199,0.984420101,0.979273244,0.973680145,0.966779044,0.962416383,0.95706993,0.952323856,0.943127528,0.938622449,0.931230788,0.926029953,0.918803183,0.911708119,0.907091839,0.895482803,0.889327192,0.883855281,0.876389837,0.867781677,0.85944279,0.850168869,0.842530236,0.833868492,0.825130671,0.81672443,0.809666149,0.796491123,0.787371518,0.773906783,0.764291515,0.753194643,0.740829156,0.731582691,0.72314178,0.707448804,0.695334832,0.680767619,0.668976328,0.657477131,0.643346261,0.627539254,0.613238176,0.59670242,0.584115078,0.573313136,0.556660447,0.544108661,0.53386956
32,1,0.995052665,0.9895601,0.984849153,0.978209851,0.975393292,0.96878134,0.962581995,0.956492759,0.950218249,0.943292327,0.9381655,0.931552604,0.926438805,0.919878983,0.912219707,0.905163761,0.897851887,0.889792368,0.883991857,0.876657628,0.865645292,0.859210992,0.852840306,0.842389054,0.832130617,0.825150589,0.815575606,0.805422139,0.796527531,0.783893529,0.775835015,0.764978827,0.7565963,0.745325137,0.731898453,0.718400144,0.707558125,0.692375798,0.681911232,0.666823304,0.6582747,0.638678791,0.626418671,0.616319584,0.596446446,0.584152937,0.571343448,0.554774215,0.54392116,0.529514959
33,1,0.994967112,0.989872463,0.984443983,0.979535045,0.972932467,0.967830469,0.961541783,0.958375135,0.950552269,0.943655486,0.939130131,0.932319552,0.925201288,0.918421907,0.911396976,0.905177197,0.898419741,0.891391778,0.881305907,0.874667452,0.866647134,0.859550534,0.852847729,0.841865819,0.832978862,0.826852447,0.814852589,0.806020468,0.795446319,0.785886571,0.774867386,0.765051255,0.754071815,0.742175007,0.730612265,0.7185045,0.707156868,0.69507238,0.682034405,0.667543719,0.653407449,0.639170983,0.625794637,0.613997288,0.598720397,0.586360418,0.569690293,0.557130893,0.542619894,0.529585666
34,1,0.995316044,0.989071973,0.984576715,0.978494624,0.97450988,0.966942812,0.963417096,0.956962578,0.950315811,0.944037438,0.938931298,0.931419818,0.923939806,0.918775239,0.910701796,0.903239743,0.899212543,0.890812055,0.884845753,0.874826683,0.86738183,0.858849498,0.849668221,0.842500578,0.833026071,0.82594908,0.813982884,0.804678603,0.795444292,0.785286885,0.774466476,0.765127189,0.756062197,0.74100611,0.730716887,0.722514418,0.706426691,0.691046803,0.678483054,0.667272326,0.656254235,0.642283791,0.625879634,0.612901778,0.593656345,0.582866814,0.569258271,0.55667,0.542078228,0.529014409
35,1,0.994892982,0.989320552,0.984604543,0.978319729,0.974662936,0.968194834,0.961578459,0.956352477,0.951230337,0.942690389,0.939148052,0.933124841,0.927240987,0.916539714,0.910330653,0.9021121,0.897305892,0.890295337,0.882078577,0.876156838,0.866566619,0.859508563,0.849011763,0.840714544,0.83313578,0.823950566,0.816648884,0.806517076,0.79567895,0.787100423,0.773567449,0.765430442,0.753511885,0.739942765,0.731494091,0.722429567,0.708530016,0.692326795,0.680171281,0.664996328,0.652928438,0.638634055,0.625623586,0.616483136,0.596723798,0.586271133,0.569146566,0.556898157,0.53857085,0.528892652
36,1,0.994899499,0.990244701,0.985257169,0.978435667,0.972795272,0.968154241,0.962434998,0.956184093,0.950659543,0.942173091,0.939295107,0.933078347,0.924603839,0.919136781,0.911864016,0.903759056,0.898344965,0.892063287,0.882785213,0.874597782,0.86937443,0.859289289,0.852076058,0.842127842,0.835233468,0.826679303,0.814858108,0.809040646,0.792772085,0.787091777,0.774068304,0.765477863,0.753721401,0.742943956,0.729053417,0.718023169,0.706438364,0.694182563,0.68134224,0.66462285,0.653006884,0.639043238,0.624626224,0.6141398,0.596060045,0.583794617,0.568330593,0.55334318,0.539209638,0.52687515
37,1,0.995254255,0.989397675,0.984450207,0.979786052,0.973379067,0.967591185,0.96322076,0.956569323,0.950836249,0.944570343,0.936704142,0.931402546,0.92439537,0.919944916,0.910900772,0.905347835,0.89884476,0.891025831,0.882421724,0.875079716,0.867593636,0.859227429,0.848858738,0.842818863,0.833414905,0.82699736,0.815083241,0.80736288,0.797694186,0.787195793,0.77594157,0.765855035,0.754320834,0.742947194,0.730998502,0.718288434,0.707141067,0.69095281,0.6826006,0.667037513,0.651843932,0.640690488,0.625222364,0.615386933,0.595334127,0.584121964,0.57046127,0.552355393,0.537214895,0.527049913
38,1,0.994717804,0.9899074,0.985710788,0.978533969,0.973577205,0.968471199,0.962645587,0.956384292,0.950170585,0.943565821,0.938613219,0.932042393,0.924540988,0.917870827,0.910378201,0.903579682,0.896205352,0.891161977,0.88078624,0.875420386,0.86652933,0.861358195,0.852749394,0.843800009,0.83229718,0.826653689,0.815702467,0.806458825,0.79534553,0.78742781,0.774451238,0.764167932,0.751140081,0.744931079,0.730120314,0.720832021,0.7042816,0.689587592,0.681041282,0.665941514,0.652235444,0.639228739,0.626265515,0.610987112,0.596911752,0.58337378,0.568815583,0.552483019,0.540010612,0.524344439
39,1,0.995137156,0.989564233,0.983966313,0.979709638,0.974054721,0.968570162,0.961429274,0.955321298,0.952553077,0.946120508,0.940091218,0.933300987,0.924321819,0.919988639,0.910445433,0.902829825,0.898727259,0.893216663,0.882180683,0.875507825,0.866538815,0.860336787,0.853022671,0.845168492,0.833299209,0.826359363,0.814550592,0.805005967,0.794878833,0.785095892,0.775009584,0.764498114,0.753014269,0.744323596,0.734653872,0.720120592,0.705118613,0.691855188,0.681877931,0.665429635,0.65249668,0.639149384,0.622709183,0.612223102,0.595210351,0.579153022,0.565515377,0.553635814,0.539755619,0.526409924
40,1,0.995290393,0.989404386,0.984391609,0.97871215,0.973455065,0.968155588,0.962765904,0.956649618,0.950143164,0.945331092,0.938476459,0.932137537,0.925315194,0.920366431,0.911066675,0.903870371,0.898869553,0.892242433,0.882834617,0.875749131,0.867577939,0.858860442,0.850739279,0.847434852,0.834214549,0.824200317,0.812371932,0.805209957,0.797152847,0.788154703,0.775010788,0.764458533,0.750199153,0.74471696,0.73306289,0.71922411,0.708723576,0.69316326,0.682451115,0.667307481,0.651221768,0.6406243,0.623190444,0.612544135,0.593330598,0.581756804,0.569144972,0.553728849,0.537661533,0.525525436
41,1,0.995046259,0.988574317,0.983845459,0.979364994,0.974316649,0.966961162,0.96160794,0.95583413,0.952238195,0.94504067,0.938323697,0.932405258,0.925256097,0.919231477,0.91230871,0.906319346,0.89622066,0.891884802,0.883426531,0.874071358,0.868575595,0.859386203,0.851221403,0.843881583,0.832487158,0.825915949,0.816768117,0.805872773,0.796684684,0.787486048,0.775192147,0.765993207,0.752875088,0.745945272,0.732284056,0.71808399,0.708236554,0.693527979,0.682088678,0.665249814,0.651176726,0.639294267,0.62364492,0.611959815,0.593424679,0.581716134,0.570652744,0.553895059,0.54036201,0.523404853
42,1,0.99537478,0.990223961,0.985132317,0.980323438,0.972911549,0.968472799,0.962795692,0.956499177,0.950542379,0.944738039,0.938568768,0.932104762,0.924733989,0.918815553,0.911971548,0.907654496,0.897528705,0.889761561,0.882302877,0.875893476,0.868026073,0.858084777,0.853148954,0.843608487,0.832874634,0.824420749,0.816442275,0.803484335,0.794951157,0.789396163,0.777149806,0.765383532,0.754493136,0.744310536,0.726447952,0.720181012,0.707508472,0.69349771,0.683634318,0.662418284,0.651626196,0.638606094,0.624790519,0.610057733,0.594050265,0.583839629,0.566429131,0.552937073,0.537287786,0.527215152
43,1,0.994642226,0.989871291,0.985105957,0.979936219,0.973152038,0.968425567,0.961753096,0.95721394,0.950832995,0.942899166,0.936794728,0.93165012,0.925035644,0.918370531,0.910925239,0.904972703,0.898520695,0.889954218,0.882444851,0.875202561,0.869186748,0.859620898,0.851275793,0.839947501,0.835583141,0.824724002,0.816421812,0.803996875,0.797506947,0.786249034,0.774197275,0.766476141,0.75050026,0.74132588,0.731808504,0.718614783,0.708944971,0.696629045,0.682648504,0.66555314,0.652742048,0.642102742,0.624809634,0.609689812,0.594892618,0.580980928,0.56901736,0.549343011,0.53708125,0.524970651
44,1,0.995179858,0.989551653,0.984667064,0.979228634,0.974771557,0.967587688,0.962183992,0.957600315,0.950145901,0.944086321,0.938565038,0.93063924,0.927587748,0.918439841,0.912231179,0.906251268,0.900523455,0.891465853,0.883413863,0.874196588,0.866794763,0.861278896,0.85048094,0.842274609,0.834496655,0.823284999,0.817472054,0.804799646,0.795723371,0.784966057,0.776733684,0.762921604,0.75344003,0.742025792,0.730611734,0.720976098,0.707819341,0.697327957,0.681225071,0.663010853,0.653211119,0.640208702,0.625398845,0.610491266,0.597580919,0.578785745,0.566407087,0.550420189,0.537372753,0.524768892
45,1,0.995080546,0.990208321,0.985595255,0.977739919,0.974819786,0.968304845,0.963196784,0.956737511,0.951965434,0.943335567,0.940112795,0.931834513,0.923749994,0.918546285,0.912524971,0.903526446,0.897929477,0.892464231,0.883673134,0.876279962,0.866789404,0.860624677,0.851955083,0.842022392,0.836394083,0.824412129,0.814824614,0.805621787,0.796274825,0.785688875,0.773811186,0.763372675,0.751726576,0.744382886,0.729936172,0.717152875,0.704959898,0.694331104,0.681733295,0.666104131,0.653475211,0.639012383,0.622084769,0.609952142,0.596273665,0.58093112,0.569245044,0.552996836,0.536137597,0.523570662
46,1,0.995144142,0.989948196,0.985005844,0.978704703,0.973467407,0.966895331,0.962865669,0.956161219,0.951690555,0.945533574,0.938718094,0.932848372,0.925061611,0.919968435,0.912100255,0.905453358,0.898566637,0.890265557,0.885272041,0.875822287,0.867372926,0.861315467,0.851163259,0.842254774,0.836703605,0.821258425,0.8148362,0.805038512,0.798248417,0.786786605,0.774211431,0.762854981,0.753574962,0.741836324,0.733560463,0.717202068,0.706724416,0.690803169,0.684943117,0.663993704,0.655602559,0.641208819,0.624655134,0.60745703,0.593866683,0.582398805,0.567396438,0.553608869,0.535458783,0.522291502
47,1,0.994631221,0.989516129,0.984361197,0.979297573,0.973042216,0.968404541,0.961557985,0.956085314,0.949927161,0.944563915,0.938546108,0.932144844,0.923990643,0.91695636,0.911126659,0.903096809,0.896014704,0.891673367,0.882621782,0.875939812,0.867476143,0.860885749,0.85344625,0.8426142,0.832001802,0.823565,0.815392264,0.80397351,0.797922465,0.783611389,0.772658708,0.762886855,0.749211325,0.74292406,0.72886369,0.716550689,0.707593393,0.69250041,0.682845771,0.666361838,0.65377546,0.64185784,0.622774362,0.60899628,0.596470164,0.578825302,0.566032659,0.54950612,0.534696248,0.523399237
48,1,0.994662058,0.989787023,0.984843583,0.979418686,0.974215408,0.967380799,0.962274314,0.956760203,0.950525007,0.945282165,0.938534537,0.933133072,0.926733548,0.918737182,0.912177041,0.904492203,0.897634417,0.892061316,0.882083079,0.873720766,0.866308907,0.860123694,0.851721856,0.840346113,0.833435319,0.82312248,0.814697085,0.806630699,0.798289057,0.783551751,0.77760004,0.763577134,0.752315116,0.744681279,0.728100852,0.718465842,0.707608173,0.692807903,0.681063801,0.66231689,0.653925712,0.640810172,0.623391348,0.608870018,0.595211416,0.580303213,0.565883218,0.548364353,0.532609621,0.52075269
49,1,0.99472817,0.989977425,0.984715231,0.979268189,0.973922669,0.968506687,0.961718828,0.957250931,0.950762912,0.944205193,0.937444987,0.932430607,0.92558031,0.91631241,0.912402773,0.903066982,0.897799083,0.888726047,0.881757968,0.874783236,0.868831403,0.860090049,0.853587748,0.839523265,0.833137226,0.822847376,0.817650889,0.806737967,0.795599175,0.787070012,0.775250314,0.767653679,0.754256482,0.739986564,0.731328631,0.717154724,0.706878365,0.695008299,0.681084992,0.667006355,0.652390038,0.641895625,0.626528396,0.607693613,0.592972593,0.581406108,0.565231702,0.552020136,0.532342156,0.522263004
50,1,0.994913624,0.989872415,0.984625718,0.978814959,0.973147759,0.967494748,0.961127876,0.956530435,0.950765281,0.945245306,0.936688893,0.933178373,0.924590328,0.919019328,0.911513769,0.904300913,0.898386864,0.888098463,0.88406716,0.876198884,0.863919654,0.857666427,0.848016002,0.841363891,0.834478531,0.82376205,0.813410904,0.804468186,0.799640503,0.789369774,0.775785694,0.765857999,0.754317413,0.742834474,0.72821277,0.716478501,0.70369869,0.696188004,0.682488615,0.664125617,0.652574136,0.64043515,0.625833275,0.606854424,0.595307006,0.580321415,0.568563326,0.549925358,0.531164447,0.519844265
51,1,0.995078201,0.989981803,0.984491129,0.979416629,0.973757958,0.96769561,0.962726602,0.955385815,0.949904695,0.944415773,0.937986733,0.932406654,0.926607015,0.91783029,0.912959876,0.906477219,0.898292991,0.891206384,0.882229585,0.874547172,0.867334572,0.856732096,0.849935362,0.839949108,0.834785774,0.825275505,0.816249224,0.805001624,0.799561229,0.787577246,0.77530232,0.767857767,0.752737723,0.741693601,0.730807637,0.718957705,0.703112334,0.69390455,0.678775918,0.666636552,0.652182625,0.641821033,0.628298356,0.6081548,0.593176966,0.578453993,0.56602589,0.549716194,0.535449545,0.518713168
52,1,0.995020492,0.990165571,0.983929839,0.980018262,0.974148119,0.96847411,0.96098983,0.956127447,0.950668487,0.944036777,0.939447788,0.932392429,0.925202777,0.919628856,0.914189064,0.904438215,0.898064167,0.88973403,0.881346068,0.873334198,0.867604698,0.859768031,0.851646449,0.839485112,0.831569762,0.819513886,0.816313503,0.807144378,0.795854752,0.78684652,0.773296029,0.766575442,0.755189188,0.743743664,0.730794183,0.714272796,0.708002162,0.694765022,0.679628648,0.665668607,0.65981543,0.641343306,0.626469944,0.608000761,0.590644906,0.578460756,0.565776208,0.55196461,0.529801325,0.519574157
53,1,0.994832412,0.989687744,0.984375391,0.979615072,0.974334653,0.968140416,0.961446581,0.955346166,0.948997807,0.94471255,0.938805605,0.931366834,0.925657567,0.920061314,0.912730152,0.903860704,0.89825011,0.889126689,0.881389135,0.876407248,0.868953864,0.858833982,0.849975871,0.844333015,0.833329972,0.823821415,0.815333343,0.805793249,0.79602456,0.785368532,0.773726451,0.765040169,0.751767278,0.745206536,0.731173653,0.719056542,0.705257189,0.691103933,0.680316389,0.664424916,0.657709738,0.642897665,0.625886321,0.60823897,0.596795834,0.57703926,0.565232406,0.551217675,0.532765125,0.520355218
54,1,0.994755184,0.99033627,0.984827905,0.978255109,0.972093424,0.968155809,0.962282628,0.955932305,0.950642306,0.945362755,0.938087802,0.932042345,0.925770315,0.917912742,0.910740739,0.905768506,0.897043509,0.889509778,0.8809563,0.872889454,0.864885856,0.857985752,0.851792534,0.841721738,0.831271097,0.821726853,0.815189507,0.806522361,0.796591663,0.786560521,0.773073558,0.763279423,0.75466856,0.743887663,0.732289048,0.719896347,0.703512654,0.692102041,0.679900584,0.666234546,0.654649775,0.64063616,0.627694563,0.608254127,0.595169082,0.58016715,0.568439468,0.548870749,0.532593413,0.519333715
55,1,0.994597118,0.990409236,0.984782991,0.978952438,0.975117406,0.968166384,0.962429887,0.956777596,0.951122177,0.945210845,0.937828293,0.931660112,0.924350694,0.918105326,0.911486483,0.902326965,0.896565143,0.890073587,0.881986583,0.874377578,0.868159478,0.860743939,0.851901454,0.840259955,0.831099357,0.822000404,0.815775284,0.805323824,0.798434413,0.785981275,0.775219457,0.765506899,0.754556562,0.743044501,0.727445632,0.717721424,0.707606783,0.693546941,0.682649535,0.665225229,0.654251232,0.642408199,0.627011304,0.60898662,0.593697729,0.579157976,0.566975265,0.546347231,0.532148803,0.52230928
56,1,0.994775135,0.990364878,0.984303191,0.979578939,0.973191973,0.968270476,0.962852332,0.955438479,0.948351528,0.944898,0.941631287,0.932058941,0.925739045,0.920942302,0.912469091,0.903606137,0.898083826,0.888821584,0.883019829,0.871870906,0.866790261,0.860610385,0.85181628,0.84178828,0.832517542,0.825028167,0.815237583,0.807473221,0.796343853,0.785614414,0.774993714,0.763784796,0.75192779,0.742396341,0.728562785,0.716836887,0.70606905,0.694256258,0.680308206,0.667914614,0.651889484,0.639226635,0.627643633,0.607432957,0.59245496,0.575409575,0.566215953,0.549032508,0.533672892,0.519619524
57,1,0.994850863,0.990039211,0.984721774,0.978873656,0.972633316,0.968850197,0.962232511,0.955100316,0.951609869,0.944591547,0.938639029,0.933663934,0.925550455,0.919989981,0.912569831,0.904937637,0.898615294,0.89022246,0.884962507,0.876329529,0.866951825,0.859723255,0.851131159,0.842115427,0.832571446,0.824541444,0.814695692,0.807806994,0.795586283,0.783734943,0.774937152,0.764581995,0.756232505,0.745630893,0.73038052,0.717744906,0.705857883,0.693661813,0.679867871,0.66717423,0.653243703,0.639457783,0.627632017,0.609696873,0.593902415,0.578156353,0.563514962,0.550959608,0.531077076,0.520920533
58,1,0.994929613,0.989373093,0.984703099,0.978320554,0.973246752,0.969209426,0.960978683,0.956330665,0.950793493,0.94421309,0.937534727,0.933901579,0.924536164,0.918498741,0.911742715,0.904400053,0.89677429,0.889695101,0.884150321,0.875615617,0.865849994,0.85997159,0.851857683,0.844341887,0.835137249,0.819840819,0.815906113,0.805857234,0.799441444,0.785907614,0.77348047,0.762075795,0.753898275,0.741337235,0.731002865,0.716931851,0.706708066,0.692856573,0.679764537,0.666698193,0.654328397,0.640382252,0.624466948,0.610558137,0.593558635,0.577792686,0.566284517,0.548463677,0.531883927,0.517963548
59,1,0.994807038,0.989644132,0.983310286,0.980621062,0.974069122,0.968923501,0.962239505,0.957279693,0.950429952,0.943842652,0.938189438,0.929403486,0.925502886,0.919325224,0.912381658,0.904068801,0.899070533,0.892118192,0.883279001,0.874647415,0.86772156,0.858575737,0.852230802,0.843412014,0.834204163,0.824208206,0.815787512,0.804773696,0.797048914,0.785019765,0.774159164,0.766717522,0.751785314,0.741041718,0.729656876,0.719614694,0.707150082,0.693176407,0.67959596,0.669396723,0.652884751,0.639599966,0.62381305,0.608779764,0.593123726,0.581890965,0.56251937,0.547710504,0.532163772,0.520240728
60,1,0.994854211,0.989033935,0.983674691,0.979855338,0.974180199,0.969298093,0.962566146,0.956565007,0.950936946,0.944848136,0.937022566,0.932147566,0.925592251,0.919216129,0.913161887,0.904902194,0.895841457,0.892486133,0.882340543,0.876329132,0.867347295,0.857950322,0.849551575,0.840989116,0.832370287,0.825731444,0.81650865,0.806611808,0.795735825,0.785847515,0.775265261,0.764011785,0.753297071,0.740941147,0.730007088,0.717606742,0.705967751,0.695578231,0.680948699,0.66754355,0.652503266,0.639750007,0.624965552,0.61067249,0.593564606,0.581358792,0.564557593,0.547180857,0.529952308,0.518795793
61,1,0.994954995,0.989953131,0.984647621,0.980223577,0.973813987,0.968158733,0.961984991,0.957436473,0.952827192,0.946188341,0.939072096,0.930970962,0.926562689,0.917892977,0.910557995,0.906493636,0.898873256,0.890473043,0.88301341,0.87576647,0.86686135,0.85948674,0.85293912,0.841355847,0.834497705,0.826499752,0.81303075,0.803175399,0.797298311,0.786142968,0.773705866,0.76606122,0.754759099,0.742778136,0.735433268,0.717379741,0.706694147,0.693991369,0.681997122,0.671461819,0.652746124,0.638573728,0.62258753,0.609574452,0.592664912,0.577710398,0.564300952,0.547819319,0.530225801,0.516795267
62,1,0.994895933,0.990114337,0.98463283,0.979989997,0.973722822,0.967301357,0.962059346,0.957216018,0.948802455,0.946175836,0.938685613,0.932318787,0.926965807,0.920875969,0.909576467,0.90541938,0.897977318,0.891457446,0.882248701,0.876146308,0.865246626,0.8592766,0.853205473,0.842222997,0.834780051,0.827837279,0.816004453,0.804912019,0.796395157,0.785686357,0.772037483,0.765240443,0.754526791,0.742183368,0.729333639,0.720104195,0.707307295,0.694073857,0.683160876,0.666575037,0.653406479,0.641183452,0.622764203,0.607553069,0.592828753,0.579898951,0.565289107,0.54827411,0.527824392,0.518409159
63,1,0.9950598,0.989927686,0.984330206,0.980005078,0.973689008,0.9690967,0.962747023,0.956100713,0.950822791,0.943500198,0.938509339,0.931804809,0.925431436,0.919450482,0.910618129,0.903535574,0.897238426,0.889234084,0.882000981,0.875313946,0.86496657,0.858316889,0.849393174,0.842978041,0.83347379,0.825911438,0.814878286,0.805305794,0.795752044,0.785932247,0.774666747,0.768244995,0.755542283,0.744497188,0.72990776,0.719746087,0.706233382,0.691279743,0.678591476,0.666858125,0.653923032,0.639022907,0.622235906,0.608685663,0.596429963,0.579005225,0.566584177,0.551487472,0.532604619,0.520285247
64,1,0.995303398,0.989880261,0.984932427,0.98001995,0.973526419,0.968627927,0.962506177,0.957773493,0.950233125,0.944746892,0.939172811,0.93192968,0.924895409,0.918440683,0.912333391,0.904326983,0.897628247,0.890248273,0.88268925,0.875745734,0.866932748,0.860271482,0.849834081,0.841461954,0.829790746,0.826342219,0.817460993,0.804456839,0.795743996,0.784160096,0.773706141,0.767704835,0.75533768,0.740859091,0.729440178,0.72351455,0.70656079,0.690241857,0.682580972,0.665855555,0.649497929,0.641404946,0.624985022,0.610183952,0.591480534,0.582073911,0.565573893,0.549574316,0.533622105,0.516615073
65,1,0.994820492,0.989445708,0.984168995,0.978536217,0.973370129,0.968355331,0.962059647,0.956691816,0.951316498,0.943533824,0.939480623,0.931461685,0.92448175,0.917705835,0.911256021,0.905417754,0.897767678,0.889602895,0.885734628,0.87585334,0.866070852,0.860377682,0.853589066,0.843311884,0.834530003,0.82526204,0.814969332,0.804912514,0.798513666,0.786017941,0.775430415,0.764650743,0.755429698,0.744968384,0.728983092,0.718299592,0.704563679,0.692897861,0.681522571,0.667770342,0.65099886,0.639525771,0.626881411,0.60848189,0.595440122,0.578393934,0.56314424,0.549535727,0.530977637,0.515214839
66,1,0.99535279,0.989852992,0.984530908,0.979930424,0.973477978,0.968361159,0.962548763,0.956635132,0.950306635,0.944732495,0.93678506,0.933167095,0.925400444,0.917093718,0.911228879,0.905131983,0.896872028,0.889050548,0.881056102,0.873484807,0.864909059,0.857387095,0.851776537,0.843504832,0.831439554,0.823857579,0.815725629,0.806500013,0.795121756,0.787032464,0.773300769,0.765147947,0.752155367,0.740557288,0.732135311,0.722541399,0.705902086,0.692714135,0.678699363,0.66718346,0.64966714,0.634632312,0.62467739,0.606157471,0.593616873,0.57876393,0.56270951,0.547972265,0.53004295,0.51413349
67,1,0.995079284,0.989323394,0.984105633,0.978440968,0.973280002,0.967110891,0.961812622,0.956505396,0.949858824,0.944900756,0.937873609,0.931789307,0.926065194,0.918255953,0.912836967,0.903781933,0.898034621,0.890427197,0.882251005,0.87260486,0.865791554,0.86013013,0.852502641,0.841138409,0.831075844,0.826435747,0.816818912,0.806053208,0.796055605,0.785919426,0.772153859,0.768113772,0.754038517,0.74250523,0.731912644,0.723820243,0.705018463,0.693667025,0.681724435,0.671647611,0.651460101,0.637185161,0.624037536,0.606128181,0.592252157,0.579818098,0.564621662,0.548867915,0.531396448,0.516994148
68,1,0.994719397,0.989779348,0.983656724,0.979377065,0.973062697,0.968962574,0.963424729,0.956411104,0.950543646,0.946315087,0.938483648,0.932451909,0.924558522,0.919686915,0.913431356,0.90273318,0.895796595,0.89103893,0.882995025,0.874921921,0.8674053,0.860311534,0.850632273,0.844215367,0.832387757,0.823897035,0.815584917,0.808744525,0.794641962,0.788419109,0.772052432,0.765128287,0.755632134,0.741337691,0.730335096,0.722112818,0.704754275,0.691066119,0.684049431,0.668953739,0.649723259,0.638858068,0.623764355,0.607747149,0.593353025,0.578154068,0.563712232,0.546901975,0.52979349,0.517934067
69,1,0.995168755,0.990124376,0.985168225,0.978231921,0.97366739,0.968522304,0.961507103,0.956793963,0.949738543,0.945166361,0.938055615,0.932571055,0.925432348,0.919988502,0.913795962,0.905551701,0.898784193,0.889440006,0.883178089,0.874065242,0.867917805,0.85883055,0.850603627,0.843706556,0.831913105,0.826124503,0.813645391,0.806042773,0.795086365,0.787271199,0.77050096,0.765015382,0.755164267,0.742461096,0.731739098,0.719602417,0.70559732,0.691207341,0.682004422,0.670197412,0.649487119,0.638534314,0.625722811,0.605602427,0.592658443,0.578064942,0.561366813,0.548274655,0.527395998,0.517295307
70,1,0.995110932,0.988999484,0.984016962,0.97936949,0.973854951,0.967550658,0.962946278,0.956793448,0.951880204,0.945033633,0.937605885,0.930852976,0.926970083,0.920600625,0.913282289,0.903393032,0.897028528,0.887317298,0.88245117,0.876691275,0.865853598,0.86010671,0.851164352,0.843851036,0.832860876,0.823686953,0.815548558,0.807104826,0.796371542,0.787568375,0.772481447,0.764564471,0.754884556,0.74176091,0.731643993,0.722780259,0.705246198,0.691289122,0.679983123,0.669928451,0.651384412,0.638752647,0.625144066,0.608016556,0.594655591,0.576803825,0.563917386,0.548509544,0.531065037,0.518998178
71,1,0.994993477,0.98976192,0.984035574,0.97953815,0.972134184,0.969197072,0.96194756,0.957629744,0.950033631,0.945465162,0.936782273,0.932887143,0.925156902,0.91778297,0.913180157,0.905468617,0.897232809,0.890633805,0.882245883,0.875661428,0.868400245,0.858191091,0.849402888,0.844117409,0.83163698,0.823007741,0.81195212,0.807741783,0.794141797,0.785164576,0.775286765,0.76397119,0.754309396,0.740447945,0.73420595,0.71965951,0.70518165,0.690831376,0.678828759,0.669070656,0.653921878,0.640425329,0.621590276,0.607576287,0.594101307,0.578539317,0.560945211,0.549298585,0.531665348,0.514862892
72,1,0.995004563,0.990340172,0.9836113,0.979079833,0.973976959,0.96958942,0.963250866,0.955938949,0.949582066,0.94534413,0.940682846,0.931114959,0.925925553,0.918606647,0.911587864,0.905650349,0.898394691,0.891263694,0.883406965,0.87638664,0.867930545,0.860731109,0.851282026,0.841030651,0.831196356,0.822170739,0.810566023,0.809680869,0.793554799,0.787640986,0.776061466,0.765833358,0.756442059,0.744845194,0.73121471,0.72146819,0.706177825,0.690122279,0.682744586,0.66942569,0.650971417,0.637921142,0.622524426,0.607303545,0.594375165,0.579279715,0.562209587,0.546027166,0.530783387,0.51478429
73,1,0.995102292,0.990102889,0.98480408,0.979105329,0.9729749,0.967516282,0.96310955,0.956713856,0.950509832,0.945267586,0.938387827,0.931057652,0.925242767,0.916015847,0.910204468,0.903766043,0.897781538,0.891385693,0.882360924,0.87363587,0.868104105,0.859730069,0.851845764,0.841399688,0.832874623,0.827076,0.816869263,0.807208635,0.795517304,0.787241122,0.77419964,0.762160611,0.756094507,0.741142408,0.730846642,0.720452722,0.705424725,0.689794028,0.682814972,0.670436959,0.65041432,0.640747321,0.623671169,0.609783366,0.5952547,0.578583877,0.56335959,0.549544665,0.532147218,0.513595496
74,1,0.995246494,0.989648371,0.984443116,0.97853758,0.974280952,0.96810074,0.9628607,0.957822878,0.949739842,0.945297216,0.937870428,0.931898425,0.92552706,0.919040105,0.911439629,0.904030461,0.899073146,0.891210983,0.882734616,0.876123334,0.867049948,0.860680511,0.849792785,0.842029213,0.83234656,0.825798199,0.815511602,0.805905594,0.796185704,0.785262516,0.774354239,0.767340547,0.755629766,0.742790784,0.732612658,0.720398752,0.700260669,0.693733526,0.680959576,0.671668235,0.652224151,0.638272712,0.62043957,0.605022038,0.594012891,0.577594072,0.567049005,0.546978372,0.529516584,0.517154652
75,1,0.994881907,0.989424706,0.985144039,0.978825936,0.974770231,0.968234936,0.962467229,0.957164149,0.952243467,0.944634223,0.938076522,0.932510185,0.924905758,0.916394419,0.912992478,0.903970728,0.897864983,0.892557361,0.884954034,0.876379691,0.86596186,0.86284756,0.851155217,0.842293978,0.835738618,0.825684948,0.815188603,0.804060601,0.797226613,0.786083158,0.773454918,0.768744291,0.755802735,0.7412662,0.729139004,0.719214538,0.702936803,0.691090005,0.680489882,0.670098689,0.648211418,0.638027277,0.621890246,0.60531723,0.591956226,0.578156408,0.563922612,0.55022367,0.529784118,0.513474399
76,1,0.994927525,0.990394523,0.985059357,0.97885398,0.974695221,0.968504605,0.961545082,0.956810249,0.950296099,0.944089821,0.937693312,0.93230011,0.924920855,0.91815235,0.910319138,0.90527891,0.897675185,0.8920131,0.881931623,0.876143249,0.867950301,0.8610274,0.850375554,0.842036146,0.833882148,0.825381589,0.814151324,0.805698786,0.796503663,0.785649065,0.776791471,0.766946843,0.753548727,0.742702043,0.7287589,0.721713927,0.705129879,0.694138505,0.685876146,0.669851791,0.647443912,0.641110054,0.620274923,0.604401806,0.591383313,0.576075989,0.565173656,0.545526413,0.529968107,0.513368077
77,1,0.994820489,0.989844849,0.984343725,0.978870696,0.973760669,0.967056345,0.963209072,0.957721997,0.950614243,0.94409843,0.93981921,0.933178971,0.925902546,0.919529445,0.910360196,0.906647409,0.896965135,0.89112853,0.885168675,0.873123395,0.867294414,0.858387348,0.853770889,0.839189771,0.833973248,0.826794773,0.810918346,0.801456443,0.794670025,0.785947623,0.775868869,0.766506756,0.754744003,0.741133158,0.730177059,0.717383895,0.708453804,0.694952842,0.681859201,0.667175847,0.649088773,0.63705137,0.62075093,0.606405411,0.590452424,0.574928163,0.561215491,0.546228419,0.527674275,0.515844171
78,1,0.994582969,0.989388056,0.984447417,0.978889271,0.973085269,0.967559744,0.962518025,0.955781635,0.949551116,0.944189748,0.938186699,0.934296262,0.924602719,0.920138976,0.911731424,0.905549476,0.897998342,0.892663464,0.88265527,0.872093908,0.871334186,0.857585139,0.848621058,0.842213667,0.834371532,0.824303901,0.813915947,0.805847174,0.794879718,0.787623923,0.774965293,0.767374325,0.754178496,0.738293184,0.73195068,0.718359763,0.706293496,0.694963214,0.682947404,0.668874437,0.652440336,0.63781106,0.618952359,0.605096843,0.593674496,0.576449281,0.560395148,0.545219275,0.528429094,0.514103517
79,1,0.99502792,0.989562128,0.984662222,0.980377397,0.973380604,0.968455746,0.961603302,0.957636927,0.950538727,0.943510984,0.938675331,0.933239173,0.924799887,0.919260298,0.912555146,0.904032964,0.899230307,0.889498496,0.884787837,0.873108826,0.868986296,0.858126778,0.852362803,0.84273082,0.833703495,0.824277272,0.813562618,0.806067959,0.795455336,0.78504214,0.775312481,0.767170624,0.753539154,0.742945284,0.732782769,0.719074362,0.707495816,0.690917293,0.680873181,0.666613123,0.650829966,0.642658615,0.617955436,0.606943475,0.592681233,0.575300226,0.561998091,0.546195408,0.528598344,0.516597271
80,1,0.995140291,0.990479128,0.983766021,0.98001677,0.974284599,0.967652458,0.963252828,0.954064867,0.948240166,0.945600618,0.937408102,0.932359447,0.926134691,0.918701009,0.911301838,0.903614518,0.897707284,0.888746661,0.885044086,0.871663107,0.865519557,0.858389435,0.854741465,0.843580822,0.830974956,0.825205526,0.813364554,0.802919781,0.79731248,0.785248312,0.775134581,0.765276165,0.754826784,0.745842791,0.730751986,0.719153392,0.707622583,0.693012703,0.681670206,0.669852415,0.653689425,0.638024114,0.619588915,0.602786379,0.593721597,0.576124011,0.562288453,0.543580988,0.528904698,0.515681224
81,1,0.995075966,0.989354605,0.984224722,0.979096176,0.973914841,0.968410163,0.963519955,0.955901323,0.950696874,0.943528493,0.93841939,0.931178,0.92610176,0.918445654,0.910335016,0.905791603,0.898423268,0.890846898,0.881044811,0.875718258,0.865469567,0.858155778,0.853555664,0.838804235,0.830909861,0.823063433,0.815524524,0.803561149,0.795847071,0.789179906,0.772620691,0.76655779,0.756910764,0.742622943,0.733121858,0.720865722,0.703696883,0.694137345,0.685249837,0.66804761,0.651627475,0.637718302,0.622392859,0.60336363,0.595677306,0.575359968,0.563765471,0.541143745,0.52837116,0.512806695
82,1,0.994618743,0.99017753,0.984949043,0.979231188,0.972818463,0.968440365,0.962445056,0.956303286,0.951560619,0.943726937,0.939810708,0.93213539,0.924612074,0.922098764,0.912613496,0.904567377,0.896628429,0.887995102,0.882437129,0.875689013,0.867490901,0.860225579,0.852733103,0.843716212,0.833657239,0.822982518,0.813695665,0.804417651,0.796297037,0.785267128,0.776197991,0.763953419,0.757334724,0.745844785,0.728878066,0.719123875,0.706236428,0.696516192,0.683648324,0.671613915,0.655812672,0.637845302,0.62252922,0.606053925,0.59415508,0.575981273,0.561821715,0.54331484,0.528776066,0.519369401
83,1,0.995192778,0.989253188,0.983817006,0.979626235,0.973943275,0.967110612,0.960815182,0.955757801,0.949347101,0.945358917,0.938107301,0.932609032,0.927086999,0.917546969,0.911779666,0.904362912,0.897969141,0.890629323,0.882210832,0.874200586,0.86614264,0.857536463,0.852956878,0.843800684,0.830905538,0.827860399,0.816177349,0.803941691,0.796317172,0.784232344,0.775660431,0.761135148,0.75574776,0.74148962,0.730976998,0.719976532,0.703449848,0.694564858,0.684747225,0.667777106,0.655206926,0.637558025,0.621341888,0.605386032,0.592117379,0.579061509,0.564165745,0.543557818,0.527799722,0.516262135
84,1,0.995301388,0.989611225,0.984855854,0.978251392,0.974023007,0.96796733,0.961765662,0.956443043,0.950774005,0.943891538,0.938285651,0.931771108,0.926160088,0.920518232,0.911535736,0.901655685,0.897305164,0.889056611,0.882207727,0.875532317,0.863664912,0.858349213,0.851445336,0.842578269,0.830985636,0.824191028,0.812451702,0.803903774,0.796553095,0.786289415,0.774544505,0.768073325,0.755072645,0.743226765,0.731027714,0.718387348,0.706440944,0.69347135,0.683044017,0.670631628,0.656008187,0.64114186,0.621919562,0.605757573,0.589913282,0.572706444,0.562496548,0.54152814,0.527516438,0.516621387
85,1,0.995173702,0.989655155,0.984691735,0.978955629,0.973535342,0.967202995,0.96291164,0.956643079,0.949464452,0.945354944,0.938445519,0.933354836,0.92468688,0.918640803,0.911097021,0.904943264,0.896431127,0.891861542,0.881651303,0.874961656,0.865490557,0.859321128,0.85019555,0.843578121,0.832251653,0.826279422,0.814467438,0.806057228,0.795360588,0.786913787,0.775981686,0.762817154,0.756096207,0.74323746,0.731890255,0.719943033,0.703843037,0.694011125,0.685575913,0.669845998,0.653464802,0.637076912,0.622691556,0.60653332,0.590349967,0.575124358,0.561932857,0.544157287,0.531243283,0.515211085
86,1,0.994835378,0.989664526,0.984552216,0.979152282,0.974874142,0.967937296,0.961861522,0.955869087,0.950662564,0.944486719,0.939207967,0.932353414,0.923818809,0.918332019,0.911609711,0.905550378,0.897171055,0.889182431,0.883074309,0.874713583,0.868241706,0.859950639,0.84989012,0.841904399,0.833525302,0.825039143,0.815639059,0.804416767,0.793034223,0.786524734,0.773866019,0.765436145,0.753782682,0.743951186,0.732624771,0.719794101,0.70746131,0.691428714,0.684042861,0.670256336,0.655749386,0.636721482,0.621137772,0.608428442,0.589680553,0.574656395,0.560921452,0.546805854,0.523151082,0.513972351
87,1,0.995038793,0.989647892,0.984027157,0.978618655,0.972710398,0.967637032,0.962267841,0.956539327,0.950610797,0.945220688,0.937174957,0.932403168,0.926206429,0.919426226,0.911224577,0.905090216,0.897940216,0.891087826,0.883640987,0.876439643,0.86941708,0.858368971,0.84860832,0.841517445,0.831334273,0.822080981,0.816404298,0.805263581,0.796836794,0.786490328,0.774298933,0.765813539,0.756277306,0.741637728,0.733051761,0.720392819,0.706573665,0.695310507,0.685490756,0.666243496,0.653285607,0.64012306,0.624651209,0.608854913,0.591299115,0.57424025,0.562053259,0.543766671,0.528297723,0.516592743
88,1,0.994765073,0.989693374,0.983050933,0.979335427,0.972953489,0.967939966,0.962485939,0.957110699,0.952578812,0.94590616,0.938409767,0.932209464,0.925721545,0.918418835,0.908579473,0.904513402,0.897619048,0.891817806,0.883701338,0.877096176,0.868713162,0.859080405,0.851782016,0.841758418,0.832172542,0.824869248,0.813799861,0.802970036,0.794509356,0.786967532,0.775587442,0.764179954,0.755082493,0.742901838,0.72736058,0.716882817,0.708401301,0.696893496,0.682354594,0.667248057,0.652252378,0.640367486,0.624101838,0.608886858,0.591165,0.575073626,0.562363425,0.547522811,0.527011057,0.516893346
89,1,0.995050049,0.989702842,0.98472915,0.979610222,0.973924426,0.968285411,0.963054972,0.95806622,0.950108536,0.944607176,0.939521829,0.93200052,0.925034732,0.917984652,0.911170164,0.905002994,0.897456395,0.889582509,0.883630543,0.874540801,0.869721228,0.858811483,0.852087015,0.844969451,0.833867376,0.824802158,0.816217719,0.803841319,0.795478497,0.784367034,0.775408774,0.767691982,0.754838807,0.742821969,0.729493385,0.720550706,0.70699063,0.694587919,0.680875819,0.665038203,0.656214955,0.639716691,0.623105029,0.607123085,0.590391382,0.577169446,0.56606876,0.544564158,0.531505373,0.516471658
90,1,0.994842044,0.989180542,0.983964201,0.979009354,0.973083839,0.968438941,0.962113389,0.958751166,0.951145046,0.946101612,0.939342331,0.93283124,0.926186892,0.919979144,0.912007324,0.904803695,0.897111688,0.887750989,0.883490864,0.878067171,0.869059402,0.859797611,0.851506012,0.842844776,0.834608288,0.822365723,0.814486944,0.80616031,0.795279716,0.785265711,0.777329446,0.768507241,0.75068034,0.740559475,0.73096779,0.715058259,0.706902756,0.694455601,0.677056707,0.66675949,0.649831432,0.638093438,0.623517107,0.606193916,0.591533358,0.574235808,0.563372404,0.540128362,0.526619696,0.512809485
91,1,0.995375639,0.990003324,0.984414878,0.97867666,0.97515268,0.968587255,0.962545505,0.955465791,0.950857415,0.945674274,0.937203588,0.931750564,0.925733501,0.918849174,0.912527906,0.903815274,0.896023106,0.891110507,0.883316953,0.874543798,0.86551991,0.859403818,0.852107986,0.841420337,0.834488486,0.82679719,0.814201994,0.807927699,0.795331054,0.784519968,0.776701063,0.768209213,0.754342619,0.744382121,0.729499692,0.720200129,0.710489663,0.698585976,0.684380413,0.667276805,0.651559301,0.642452547,0.624244027,0.605130051,0.591084385,0.576412117,0.564678644,0.541247806,0.525656971,0.514640741
92,1,0.994782737,0.989905156,0.984045578,0.978744481,0.97462585,0.967303707,0.961799363,0.956853154,0.951469024,0.945507962,0.93819441,0.932648923,0.925271013,0.918309313,0.911268427,0.902575828,0.897388032,0.889899741,0.882197113,0.876094494,0.868397399,0.860351029,0.849342274,0.843015497,0.832606678,0.821508053,0.815318376,0.805761453,0.79394468,0.786838254,0.775622604,0.767422059,0.753215466,0.746857771,0.730501969,0.718919872,0.710071108,0.698987605,0.679869694,0.665280468,0.651185508,0.640295154,0.624242424,0.60486423,0.591243517,0.574491199,0.563700619,0.543498606,0.527032954,0.516473539
93,1,0.994489692,0.989425469,0.98476611,0.978412825,0.973166066,0.969286572,0.962104459,0.955877835,0.949546959,0.945610173,0.937402526,0.933732131,0.925366278,0.919197693,0.910667894,0.902543184,0.894894774,0.890893449,0.881100235,0.874497132,0.86498894,0.854736695,0.851680255,0.842446155,0.834950583,0.824137793,0.813501666,0.8052317,0.794160859,0.786395312,0.776770811,0.766940349,0.75682475,0.745343328,0.728239453,0.719342892,0.708190048,0.692863347,0.678674344,0.666915444,0.648510964,0.635983749,0.625080782,0.604917704,0.589449923,0.576263778,0.56318827,0.544589798,0.528868222,0.513873046
94,1,0.995020378,0.990344107,0.985014432,0.97877673,0.972659054,0.969133903,0.96216068,0.956579099,0.951775226,0.944352917,0.938305677,0.932513688,0.925874719,0.917881992,0.908987957,0.905908446,0.895013032,0.890306033,0.879853347,0.876232833,0.864599694,0.858844081,0.849687337,0.843455319,0.834061747,0.821280997,0.814355982,0.805922864,0.793971653,0.787867484,0.773462961,0.767868678,0.750195516,0.745650864,0.729947112,0.716956465,0.709625048,0.694574183,0.680919345,0.66481063,0.654341498,0.63755502,0.623860426,0.608799133,0.59099947,0.574681312,0.56083575,0.542567302,0.52773542,0.516046085
95,1,0.995112786,0.989824968,0.984505923,0.979139598,0.973237893,0.968254207,0.963243586,0.955386453,0.949745831,0.943612554,0.937380935,0.930536351,0.925399518,0.918190881,0.910712685,0.906547065,0.896104872,0.890855781,0.883658115,0.873785483,0.864862029,0.85879102,0.851486859,0.842246805,0.831714579,0.821755562,0.814545906,0.804710383,0.798641245,0.785969037,0.774855734,0.764127863,0.752085464,0.743605881,0.730057795,0.720271614,0.70699866,0.691996612,0.679311015,0.665236524,0.653306774,0.638123346,0.621358689,0.608627392,0.593477448,0.574097413,0.56250094,0.541594303,0.52836136,0.512725297
96,1,0.994957154,0.989455287,0.984629574,0.979355464,0.973426352,0.967473802,0.961516185,0.956728086,0.950977903,0.945422779,0.939492126,0.93367955,0.925679515,0.916554076,0.909305994,0.902911268,0.899067066,0.89103852,0.881012395,0.875826235,0.86864846,0.857555246,0.85053771,0.842032551,0.833348447,0.82146154,0.815931505,0.807896326,0.795967338,0.787526733,0.774764433,0.761276513,0.756054238,0.743912196,0.731112152,0.717065496,0.708044283,0.694061024,0.678323011,0.667145823,0.654431643,0.638276563,0.625822871,0.609554689,0.595122388,0.576641643,0.561497753,0.542852288,0.526414065,0.514237948
97,1,0.995103327,0.99004841,0.983957005,0.979527715,0.974622552,0.968015922,0.962374311,0.956576184,0.952126132,0.944810928,0.939091661,0.932675723,0.925241346,0.919787566,0.913029029,0.905090119,0.899391689,0.886005348,0.882915333,0.87518626,0.866659298,0.859704783,0.851673563,0.838662313,0.831664926,0.823001574,0.815587639,0.807193794,0.796382608,0.783595105,0.777263486,0.762253291,0.75432833,0.742477232,0.732267097,0.718113321,0.708448535,0.693053191,0.679422911,0.666755505,0.655216503,0.635078628,0.62629839,0.608769436,0.591677621,0.57577261,0.560305435,0.540344034,0.531495136,0.513069051
98,1,0.995030022,0.989806173,0.984092616,0.979743387,0.974300174,0.967950125,0.964191008,0.955889132,0.952570335,0.945364731,0.938649846,0.931429568,0.924188655,0.920319554,0.912878618,0.903895034,0.895941754,0.889327846,0.882270963,0.875651478,0.867759944,0.857097052,0.850815273,0.842554542,0.831903185,0.821467486,0.81705118,0.807606756,0.795745686,0.783476752,0.775605876,0.76321518,0.756140377,0.741797005,0.731663712,0.71988117,0.708956374,0.696108352,0.6763035,0.665776815,0.653550567,0.63871317,0.621356066,0.605891493,0.59304311,0.577612416,0.558999005,0.538962604,0.52500025,0.513670124
99,1,0.995060165,0.990300229,0.984886089,0.978704784,0.973007635,0.96811789,0.962548054,0.956020234,0.951278043,0.945155522,0.938547098,0.932538775,0.924840088,0.919596488,0.914020116,0.904038315,0.899637811,0.89325772,0.884263838,0.87434161,0.866675016,0.859594203,0.854053273,0.843225208,0.833503055,0.823376676,0.815834037,0.803762418,0.796212015,0.782613442,0.777341896,0.765560966,0.754015914,0.743231397,0.731572426,0.718060231,0.711656472,0.691644178,0.681068929,0.666623072,0.651978835,0.638022575,0.623881465,0.606425244,0.591356451,0.574119212,0.563523977,0.541981043,0.525419837,0.512103163
100,1,0.994815111,0.989664657,0.985036755,0.978822789,0.97454529,0.968138298,0.962172125,0.95802304,0.949575805,0.944830345,0.939370671,0.930644716,0.925764559,0.920495452,0.912986765,0.901847184,0.897412997,0.890380727,0.881330541,0.873486539,0.866732497,0.858689629,0.853600417,0.841113542,0.833723971,0.824655677,0.813074384,0.804508321,0.795733678,0.783471361,0.778364221,0.762932092,0.758127509,0.742092871,0.732059576,0.721257134,0.705288921,0.691558734,0.68154395,0.66694045,0.65531632,0.641548927,0.623469725,0.608964668,0.596522815,0.576233397,0.56137086,0.541095137,0.52824739,0.513389706
Avg last 20,1,0.994982046,0.989735933,0.984410549,0.97903955,0.973726239,0.96808159,0.962394822,0.956539202,0.950843574,0.944926268,0.938518198,0.932249808,0.92544877,0.919028674,0.911416879,0.904272662,0.897246533,0.890144335,0.882450434,0.875330253,0.866912717,0.858718241,0.851487248,0.842282214,0.832809168,0.82364883,0.814913361,0.805252761,0.795580218,0.785688568,0.77561245,0.765198595,0.754857696,0.743382222,0.730815708,0.719052177,0.707388296,0.694440515,0.681595158,0.667311169,0.653442587,0.638620612,0.623350145,0.606926287,0.592012977,0.575496709,0.562478144,0.54276113,0.52772616,0.514861949
