Drive Homozygote Fitness,Introduction Frequency,Generations to 99% drive-carrying individuals
0.5,0,1000
0.5,0.01,1000
0.5,0.02,1000
0.5,0.03,1000
0.5,0.04,1000
0.5,0.05,1000
0.5,0.06,1000
0.5,0.07,1000
0.5,0.08,1000
0.5,0.09,1000
0.5,0.1,1000
0.5,0.11,1000
0.5,0.12,1000
0.5,0.13,1000
0.5,0.14,1000
0.5,0.15,1000
0.5,0.16,1000
0.5,0.17,1000
0.5,0.18,1000
0.5,0.19,1000
0.5,0.2,1000
0.5,0.21,1000
0.5,0.22,1000
0.5,0.23,1000
0.5,0.24,1000
0.5,0.25,1000
0.5,0.26,1000
0.5,0.27,1000
0.5,0.28,1000
0.5,0.29,1000
0.5,0.3,1000
0.5,0.31,1000
0.5,0.32,1000
0.5,0.33,1000
0.5,0.34,1000
0.5,0.35,1000
0.5,0.36,1000
0.5,0.37,1000
0.5,0.38,1000
0.5,0.39,1000
0.5,0.4,1000
0.5,0.41,1000
0.5,0.42,1000
0.5,0.43,1000
0.5,0.44,1000
0.5,0.45,1000
0.5,0.46,1000
0.5,0.47,1000
0.5,0.48,1000
0.5,0.49,1000
0.5,0.5,1000
0.5,0.51,1000
0.5,0.52,1000
0.5,0.53,1000
0.5,0.54,1000
0.5,0.55,1000
0.5,0.56,1000
0.5,0.57,1000
0.5,0.58,1000
0.5,0.59,1000
0.5,0.6,1000
0.51,0,1000
0.51,0.01,1000
0.51,0.02,1000
0.51,0.03,1000
0.51,0.04,1000
0.51,0.05,1000
0.51,0.06,1000
0.51,0.07,1000
0.51,0.08,1000
0.51,0.09,1000
0.51,0.1,1000
0.51,0.11,1000
0.51,0.12,1000
0.51,0.13,1000
0.51,0.14,1000
0.51,0.15,1000
0.51,0.16,1000
0.51,0.17,1000
0.51,0.18,1000
0.51,0.19,1000
0.51,0.2,1000
0.51,0.21,1000
0.51,0.22,1000
0.51,0.23,1000
0.51,0.24,1000
0.51,0.25,1000
0.51,0.26,1000
0.51,0.27,1000
0.51,0.28,1000
0.51,0.29,1000
0.51,0.3,1000
0.51,0.31,1000
0.51,0.32,1000
0.51,0.33,1000
0.51,0.34,1000
0.51,0.35,1000
0.51,0.36,1000
0.51,0.37,1000
0.51,0.38,1000
0.51,0.39,1000
0.51,0.4,1000
0.51,0.41,1000
0.51,0.42,1000
0.51,0.43,1000
0.51,0.44,1000
0.51,0.45,1000
0.51,0.46,1000
0.51,0.47,1000
0.51,0.48,1000
0.51,0.49,1000
0.51,0.5,1000
0.51,0.51,1000
0.51,0.52,1000
0.51,0.53,1000
0.51,0.54,1000
0.51,0.55,1000
0.51,0.56,1000
0.51,0.57,1000
0.51,0.58,1000
0.51,0.59,1000
0.51,0.6,1000
0.52,0,1000
0.52,0.01,1000
0.52,0.02,1000
0.52,0.03,1000
0.52,0.04,1000
0.52,0.05,1000
0.52,0.06,1000
0.52,0.07,1000
0.52,0.08,1000
0.52,0.09,1000
0.52,0.1,1000
0.52,0.11,1000
0.52,0.12,1000
0.52,0.13,1000
0.52,0.14,1000
0.52,0.15,1000
0.52,0.16,1000
0.52,0.17,1000
0.52,0.18,1000
0.52,0.19,1000
0.52,0.2,1000
0.52,0.21,1000
0.52,0.22,1000
0.52,0.23,1000
0.52,0.24,1000
0.52,0.25,1000
0.52,0.26,1000
0.52,0.27,1000
0.52,0.28,1000
0.52,0.29,1000
0.52,0.3,1000
0.52,0.31,1000
0.52,0.32,1000
0.52,0.33,1000
0.52,0.34,1000
0.52,0.35,1000
0.52,0.36,1000
0.52,0.37,1000
0.52,0.38,1000
0.52,0.39,1000
0.52,0.4,1000
0.52,0.41,1000
0.52,0.42,1000
0.52,0.43,1000
0.52,0.44,1000
0.52,0.45,1000
0.52,0.46,1000
0.52,0.47,1000
0.52,0.48,1000
0.52,0.49,1000
0.52,0.5,1000
0.52,0.51,1000
0.52,0.52,1000
0.52,0.53,1000
0.52,0.54,1000
0.52,0.55,1000
0.52,0.56,1000
0.52,0.57,1000
0.52,0.58,1000
0.52,0.59,1000
0.52,0.6,1000
0.53,0,1000
0.53,0.01,1000
0.53,0.02,1000
0.53,0.03,1000
0.53,0.04,1000
0.53,0.05,1000
0.53,0.06,1000
0.53,0.07,1000
0.53,0.08,1000
0.53,0.09,1000
0.53,0.1,1000
0.53,0.11,1000
0.53,0.12,1000
0.53,0.13,1000
0.53,0.14,1000
0.53,0.15,1000
0.53,0.16,1000
0.53,0.17,1000
0.53,0.18,1000
0.53,0.19,1000
0.53,0.2,1000
0.53,0.21,1000
0.53,0.22,1000
0.53,0.23,1000
0.53,0.24,1000
0.53,0.25,1000
0.53,0.26,1000
0.53,0.27,1000
0.53,0.28,1000
0.53,0.29,1000
0.53,0.3,1000
0.53,0.31,1000
0.53,0.32,1000
0.53,0.33,1000
0.53,0.34,1000
0.53,0.35,1000
0.53,0.36,1000
0.53,0.37,1000
0.53,0.38,1000
0.53,0.39,1000
0.53,0.4,1000
0.53,0.41,1000
0.53,0.42,1000
0.53,0.43,1000
0.53,0.44,1000
0.53,0.45,1000
0.53,0.46,1000
0.53,0.47,1000
0.53,0.48,1000
0.53,0.49,1000
0.53,0.5,1000
0.53,0.51,1000
0.53,0.52,1000
0.53,0.53,1000
0.53,0.54,1000
0.53,0.55,1000
0.53,0.56,1000
0.53,0.57,1000
0.53,0.58,1000
0.53,0.59,1000
0.53,0.6,1000
0.54,0,1000
0.54,0.01,1000
0.54,0.02,1000
0.54,0.03,1000
0.54,0.04,1000
0.54,0.05,1000
0.54,0.06,1000
0.54,0.07,1000
0.54,0.08,1000
0.54,0.09,1000
0.54,0.1,1000
0.54,0.11,1000
0.54,0.12,1000
0.54,0.13,1000
0.54,0.14,1000
0.54,0.15,1000
0.54,0.16,1000
0.54,0.17,1000
0.54,0.18,1000
0.54,0.19,1000
0.54,0.2,1000
0.54,0.21,1000
0.54,0.22,1000
0.54,0.23,1000
0.54,0.24,1000
0.54,0.25,1000
0.54,0.26,1000
0.54,0.27,1000
0.54,0.28,1000
0.54,0.29,1000
0.54,0.3,1000
0.54,0.31,1000
0.54,0.32,1000
0.54,0.33,1000
0.54,0.34,1000
0.54,0.35,1000
0.54,0.36,1000
0.54,0.37,1000
0.54,0.38,1000
0.54,0.39,1000
0.54,0.4,1000
0.54,0.41,1000
0.54,0.42,1000
0.54,0.43,1000
0.54,0.44,1000
0.54,0.45,1000
0.54,0.46,1000
0.54,0.47,1000
0.54,0.48,1000
0.54,0.49,1000
0.54,0.5,1000
0.54,0.51,1000
0.54,0.52,1000
0.54,0.53,1000
0.54,0.54,1000
0.54,0.55,1000
0.54,0.56,1000
0.54,0.57,1000
0.54,0.58,1000
0.54,0.59,1000
0.54,0.6,1000
0.55,0,1000
0.55,0.01,1000
0.55,0.02,1000
0.55,0.03,1000
0.55,0.04,1000
0.55,0.05,1000
0.55,0.06,1000
0.55,0.07,1000
0.55,0.08,1000
0.55,0.09,1000
0.55,0.1,1000
0.55,0.11,1000
0.55,0.12,1000
0.55,0.13,1000
0.55,0.14,1000
0.55,0.15,1000
0.55,0.16,1000
0.55,0.17,1000
0.55,0.18,1000
0.55,0.19,1000
0.55,0.2,1000
0.55,0.21,1000
0.55,0.22,1000
0.55,0.23,1000
0.55,0.24,1000
0.55,0.25,1000
0.55,0.26,1000
0.55,0.27,1000
0.55,0.28,1000
0.55,0.29,1000
0.55,0.3,1000
0.55,0.31,1000
0.55,0.32,1000
0.55,0.33,1000
0.55,0.34,1000
0.55,0.35,1000
0.55,0.36,1000
0.55,0.37,1000
0.55,0.38,1000
0.55,0.39,1000
0.55,0.4,1000
0.55,0.41,1000
0.55,0.42,1000
0.55,0.43,1000
0.55,0.44,1000
0.55,0.45,1000
0.55,0.46,1000
0.55,0.47,1000
0.55,0.48,1000
0.55,0.49,1000
0.55,0.5,1000
0.55,0.51,1000
0.55,0.52,1000
0.55,0.53,1000
0.55,0.54,1000
0.55,0.55,1000
0.55,0.56,1000
0.55,0.57,1000
0.55,0.58,1000
0.55,0.59,1000
0.55,0.6,1000
0.56,0,1000
0.56,0.01,1000
0.56,0.02,1000
0.56,0.03,1000
0.56,0.04,1000
0.56,0.05,1000
0.56,0.06,1000
0.56,0.07,1000
0.56,0.08,1000
0.56,0.09,1000
0.56,0.1,1000
0.56,0.11,1000
0.56,0.12,1000
0.56,0.13,1000
0.56,0.14,1000
0.56,0.15,1000
0.56,0.16,1000
0.56,0.17,1000
0.56,0.18,1000
0.56,0.19,1000
0.56,0.2,1000
0.56,0.21,1000
0.56,0.22,1000
0.56,0.23,1000
0.56,0.24,1000
0.56,0.25,1000
0.56,0.26,1000
0.56,0.27,1000
0.56,0.28,1000
0.56,0.29,1000
0.56,0.3,1000
0.56,0.31,1000
0.56,0.32,1000
0.56,0.33,1000
0.56,0.34,1000
0.56,0.35,1000
0.56,0.36,1000
0.56,0.37,1000
0.56,0.38,1000
0.56,0.39,1000
0.56,0.4,1000
0.56,0.41,1000
0.56,0.42,1000
0.56,0.43,1000
0.56,0.44,1000
0.56,0.45,1000
0.56,0.46,1000
0.56,0.47,1000
0.56,0.48,1000
0.56,0.49,1000
0.56,0.5,1000
0.56,0.51,1000
0.56,0.52,1000
0.56,0.53,1000
0.56,0.54,1000
0.56,0.55,1000
0.56,0.56,1000
0.56,0.57,1000
0.56,0.58,1000
0.56,0.59,1000
0.56,0.6,1000
0.57,0,1000
0.57,0.01,1000
0.57,0.02,1000
0.57,0.03,1000
0.57,0.04,1000
0.57,0.05,1000
0.57,0.06,1000
0.57,0.07,1000
0.57,0.08,1000
0.57,0.09,1000
0.57,0.1,1000
0.57,0.11,1000
0.57,0.12,1000
0.57,0.13,1000
0.57,0.14,1000
0.57,0.15,1000
0.57,0.16,1000
0.57,0.17,1000
0.57,0.18,1000
0.57,0.19,1000
0.57,0.2,1000
0.57,0.21,1000
0.57,0.22,1000
0.57,0.23,1000
0.57,0.24,1000
0.57,0.25,1000
0.57,0.26,1000
0.57,0.27,1000
0.57,0.28,1000
0.57,0.29,1000
0.57,0.3,1000
0.57,0.31,1000
0.57,0.32,1000
0.57,0.33,1000
0.57,0.34,1000
0.57,0.35,1000
0.57,0.36,1000
0.57,0.37,1000
0.57,0.38,1000
0.57,0.39,1000
0.57,0.4,1000
0.57,0.41,1000
0.57,0.42,1000
0.57,0.43,1000
0.57,0.44,1000
0.57,0.45,1000
0.57,0.46,1000
0.57,0.47,1000
0.57,0.48,1000
0.57,0.49,1000
0.57,0.5,1000
0.57,0.51,1000
0.57,0.52,1000
0.57,0.53,1000
0.57,0.54,1000
0.57,0.55,1000
0.57,0.56,1000
0.57,0.57,1000
0.57,0.58,1000
0.57,0.59,1000
0.57,0.6,1000
0.58,0,1000
0.58,0.01,1000
0.58,0.02,1000
0.58,0.03,1000
0.58,0.04,1000
0.58,0.05,1000
0.58,0.06,1000
0.58,0.07,1000
0.58,0.08,1000
0.58,0.09,1000
0.58,0.1,1000
0.58,0.11,1000
0.58,0.12,1000
0.58,0.13,1000
0.58,0.14,1000
0.58,0.15,1000
0.58,0.16,1000
0.58,0.17,1000
0.58,0.18,1000
0.58,0.19,1000
0.58,0.2,1000
0.58,0.21,1000
0.58,0.22,1000
0.58,0.23,1000
0.58,0.24,1000
0.58,0.25,1000
0.58,0.26,1000
0.58,0.27,1000
0.58,0.28,1000
0.58,0.29,1000
0.58,0.3,1000
0.58,0.31,1000
0.58,0.32,1000
0.58,0.33,1000
0.58,0.34,1000
0.58,0.35,1000
0.58,0.36,1000
0.58,0.37,1000
0.58,0.38,1000
0.58,0.39,1000
0.58,0.4,1000
0.58,0.41,1000
0.58,0.42,1000
0.58,0.43,1000
0.58,0.44,1000
0.58,0.45,1000
0.58,0.46,1000
0.58,0.47,1000
0.58,0.48,1000
0.58,0.49,1000
0.58,0.5,1000
0.58,0.51,1000
0.58,0.52,1000
0.58,0.53,1000
0.58,0.54,1000
0.58,0.55,1000
0.58,0.56,1000
0.58,0.57,1000
0.58,0.58,1000
0.58,0.59,1000
0.58,0.6,1000
0.59,0,1000
0.59,0.01,1000
0.59,0.02,1000
0.59,0.03,1000
0.59,0.04,1000
0.59,0.05,1000
0.59,0.06,1000
0.59,0.07,1000
0.59,0.08,1000
0.59,0.09,1000
0.59,0.1,1000
0.59,0.11,1000
0.59,0.12,1000
0.59,0.13,1000
0.59,0.14,1000
0.59,0.15,1000
0.59,0.16,1000
0.59,0.17,1000
0.59,0.18,1000
0.59,0.19,1000
0.59,0.2,1000
0.59,0.21,1000
0.59,0.22,1000
0.59,0.23,1000
0.59,0.24,1000
0.59,0.25,1000
0.59,0.26,1000
0.59,0.27,1000
0.59,0.28,1000
0.59,0.29,1000
0.59,0.3,1000
0.59,0.31,1000
0.59,0.32,1000
0.59,0.33,1000
0.59,0.34,1000
0.59,0.35,1000
0.59,0.36,1000
0.59,0.37,1000
0.59,0.38,1000
0.59,0.39,1000
0.59,0.4,1000
0.59,0.41,1000
0.59,0.42,1000
0.59,0.43,1000
0.59,0.44,1000
0.59,0.45,1000
0.59,0.46,1000
0.59,0.47,1000
0.59,0.48,1000
0.59,0.49,1000
0.59,0.5,1000
0.59,0.51,1000
0.59,0.52,1000
0.59,0.53,1000
0.59,0.54,1000
0.59,0.55,1000
0.59,0.56,1000
0.59,0.57,1000
0.59,0.58,1000
0.59,0.59,1000
0.59,0.6,1000
0.6,0,1000
0.6,0.01,1000
0.6,0.02,1000
0.6,0.03,1000
0.6,0.04,1000
0.6,0.05,1000
0.6,0.06,1000
0.6,0.07,1000
0.6,0.08,1000
0.6,0.09,1000
0.6,0.1,1000
0.6,0.11,1000
0.6,0.12,1000
0.6,0.13,1000
0.6,0.14,1000
0.6,0.15,1000
0.6,0.16,1000
0.6,0.17,1000
0.6,0.18,1000
0.6,0.19,1000
0.6,0.2,1000
0.6,0.21,1000
0.6,0.22,1000
0.6,0.23,1000
0.6,0.24,1000
0.6,0.25,1000
0.6,0.26,1000
0.6,0.27,1000
0.6,0.28,1000
0.6,0.29,1000
0.6,0.3,1000
0.6,0.31,1000
0.6,0.32,1000
0.6,0.33,1000
0.6,0.34,1000
0.6,0.35,1000
0.6,0.36,1000
0.6,0.37,1000
0.6,0.38,1000
0.6,0.39,1000
0.6,0.4,1000
0.6,0.41,1000
0.6,0.42,1000
0.6,0.43,1000
0.6,0.44,1000
0.6,0.45,1000
0.6,0.46,1000
0.6,0.47,1000
0.6,0.48,1000
0.6,0.49,1000
0.6,0.5,1000
0.6,0.51,1000
0.6,0.52,1000
0.6,0.53,1000
0.6,0.54,1000
0.6,0.55,1000
0.6,0.56,1000
0.6,0.57,1000
0.6,0.58,1000
0.6,0.59,1000
0.6,0.6,1000
0.61,0,1000
0.61,0.01,1000
0.61,0.02,1000
0.61,0.03,1000
0.61,0.04,1000
0.61,0.05,1000
0.61,0.06,1000
0.61,0.07,1000
0.61,0.08,1000
0.61,0.09,1000
0.61,0.1,1000
0.61,0.11,1000
0.61,0.12,1000
0.61,0.13,1000
0.61,0.14,1000
0.61,0.15,1000
0.61,0.16,1000
0.61,0.17,1000
0.61,0.18,1000
0.61,0.19,1000
0.61,0.2,1000
0.61,0.21,1000
0.61,0.22,1000
0.61,0.23,1000
0.61,0.24,1000
0.61,0.25,1000
0.61,0.26,1000
0.61,0.27,1000
0.61,0.28,1000
0.61,0.29,1000
0.61,0.3,1000
0.61,0.31,1000
0.61,0.32,1000
0.61,0.33,1000
0.61,0.34,1000
0.61,0.35,1000
0.61,0.36,1000
0.61,0.37,1000
0.61,0.38,1000
0.61,0.39,1000
0.61,0.4,1000
0.61,0.41,1000
0.61,0.42,1000
0.61,0.43,1000
0.61,0.44,1000
0.61,0.45,1000
0.61,0.46,1000
0.61,0.47,1000
0.61,0.48,1000
0.61,0.49,1000
0.61,0.5,1000
0.61,0.51,1000
0.61,0.52,1000
0.61,0.53,1000
0.61,0.54,1000
0.61,0.55,1000
0.61,0.56,1000
0.61,0.57,1000
0.61,0.58,1000
0.61,0.59,1000
0.61,0.6,1000
0.62,0,1000
0.62,0.01,1000
0.62,0.02,1000
0.62,0.03,1000
0.62,0.04,1000
0.62,0.05,1000
0.62,0.06,1000
0.62,0.07,1000
0.62,0.08,1000
0.62,0.09,1000
0.62,0.1,1000
0.62,0.11,1000
0.62,0.12,1000
0.62,0.13,1000
0.62,0.14,1000
0.62,0.15,1000
0.62,0.16,1000
0.62,0.17,1000
0.62,0.18,1000
0.62,0.19,1000
0.62,0.2,1000
0.62,0.21,1000
0.62,0.22,1000
0.62,0.23,1000
0.62,0.24,1000
0.62,0.25,1000
0.62,0.26,1000
0.62,0.27,1000
0.62,0.28,1000
0.62,0.29,1000
0.62,0.3,1000
0.62,0.31,1000
0.62,0.32,1000
0.62,0.33,1000
0.62,0.34,1000
0.62,0.35,1000
0.62,0.36,1000
0.62,0.37,1000
0.62,0.38,1000
0.62,0.39,1000
0.62,0.4,1000
0.62,0.41,1000
0.62,0.42,1000
0.62,0.43,1000
0.62,0.44,1000
0.62,0.45,1000
0.62,0.46,1000
0.62,0.47,1000
0.62,0.48,1000
0.62,0.49,1000
0.62,0.5,1000
0.62,0.51,1000
0.62,0.52,1000
0.62,0.53,1000
0.62,0.54,1000
0.62,0.55,1000
0.62,0.56,1000
0.62,0.57,1000
0.62,0.58,1000
0.62,0.59,1000
0.62,0.6,1000
0.63,0,1000
0.63,0.01,1000
0.63,0.02,1000
0.63,0.03,1000
0.63,0.04,1000
0.63,0.05,1000
0.63,0.06,1000
0.63,0.07,1000
0.63,0.08,1000
0.63,0.09,1000
0.63,0.1,1000
0.63,0.11,1000
0.63,0.12,1000
0.63,0.13,1000
0.63,0.14,1000
0.63,0.15,1000
0.63,0.16,1000
0.63,0.17,1000
0.63,0.18,1000
0.63,0.19,1000
0.63,0.2,1000
0.63,0.21,1000
0.63,0.22,1000
0.63,0.23,1000
0.63,0.24,1000
0.63,0.25,1000
0.63,0.26,1000
0.63,0.27,1000
0.63,0.28,1000
0.63,0.29,1000
0.63,0.3,1000
0.63,0.31,1000
0.63,0.32,1000
0.63,0.33,1000
0.63,0.34,1000
0.63,0.35,1000
0.63,0.36,1000
0.63,0.37,1000
0.63,0.38,1000
0.63,0.39,1000
0.63,0.4,1000
0.63,0.41,1000
0.63,0.42,1000
0.63,0.43,1000
0.63,0.44,1000
0.63,0.45,1000
0.63,0.46,1000
0.63,0.47,1000
0.63,0.48,1000
0.63,0.49,1000
0.63,0.5,1000
0.63,0.51,1000
0.63,0.52,1000
0.63,0.53,1000
0.63,0.54,1000
0.63,0.55,1000
0.63,0.56,1000
0.63,0.57,1000
0.63,0.58,1000
0.63,0.59,1000
0.63,0.6,1000
0.64,0,1000
0.64,0.01,1000
0.64,0.02,1000
0.64,0.03,1000
0.64,0.04,1000
0.64,0.05,1000
0.64,0.06,1000
0.64,0.07,1000
0.64,0.08,1000
0.64,0.09,1000
0.64,0.1,1000
0.64,0.11,1000
0.64,0.12,1000
0.64,0.13,1000
0.64,0.14,1000
0.64,0.15,1000
0.64,0.16,1000
0.64,0.17,1000
0.64,0.18,1000
0.64,0.19,1000
0.64,0.2,1000
0.64,0.21,1000
0.64,0.22,1000
0.64,0.23,1000
0.64,0.24,1000
0.64,0.25,1000
0.64,0.26,1000
0.64,0.27,1000
0.64,0.28,1000
0.64,0.29,1000
0.64,0.3,1000
0.64,0.31,1000
0.64,0.32,1000
0.64,0.33,1000
0.64,0.34,1000
0.64,0.35,1000
0.64,0.36,1000
0.64,0.37,1000
0.64,0.38,1000
0.64,0.39,1000
0.64,0.4,1000
0.64,0.41,1000
0.64,0.42,1000
0.64,0.43,1000
0.64,0.44,1000
0.64,0.45,1000
0.64,0.46,1000
0.64,0.47,1000
0.64,0.48,1000
0.64,0.49,1000
0.64,0.5,1000
0.64,0.51,1000
0.64,0.52,1000
0.64,0.53,1000
0.64,0.54,1000
0.64,0.55,1000
0.64,0.56,1000
0.64,0.57,1000
0.64,0.58,1000
0.64,0.59,1000
0.64,0.6,1000
0.65,0,1000
0.65,0.01,1000
0.65,0.02,1000
0.65,0.03,1000
0.65,0.04,1000
0.65,0.05,1000
0.65,0.06,1000
0.65,0.07,1000
0.65,0.08,1000
0.65,0.09,1000
0.65,0.1,1000
0.65,0.11,1000
0.65,0.12,1000
0.65,0.13,1000
0.65,0.14,1000
0.65,0.15,1000
0.65,0.16,1000
0.65,0.17,1000
0.65,0.18,1000
0.65,0.19,1000
0.65,0.2,1000
0.65,0.21,1000
0.65,0.22,1000
0.65,0.23,1000
0.65,0.24,1000
0.65,0.25,1000
0.65,0.26,1000
0.65,0.27,1000
0.65,0.28,1000
0.65,0.29,1000
0.65,0.3,1000
0.65,0.31,1000
0.65,0.32,1000
0.65,0.33,1000
0.65,0.34,1000
0.65,0.35,1000
0.65,0.36,1000
0.65,0.37,1000
0.65,0.38,1000
0.65,0.39,1000
0.65,0.4,1000
0.65,0.41,1000
0.65,0.42,1000
0.65,0.43,1000
0.65,0.44,1000
0.65,0.45,1000
0.65,0.46,1000
0.65,0.47,1000
0.65,0.48,1000
0.65,0.49,1000
0.65,0.5,1000
0.65,0.51,1000
0.65,0.52,1000
0.65,0.53,1000
0.65,0.54,1000
0.65,0.55,1000
0.65,0.56,1000
0.65,0.57,1000
0.65,0.58,1000
0.65,0.59,1000
0.65,0.6,11.4
0.66,0,1000
0.66,0.01,1000
0.66,0.02,1000
0.66,0.03,1000
0.66,0.04,1000
0.66,0.05,1000
0.66,0.06,1000
0.66,0.07,1000
0.66,0.08,1000
0.66,0.09,1000
0.66,0.1,1000
0.66,0.11,1000
0.66,0.12,1000
0.66,0.13,1000
0.66,0.14,1000
0.66,0.15,1000
0.66,0.16,1000
0.66,0.17,1000
0.66,0.18,1000
0.66,0.19,1000
0.66,0.2,1000
0.66,0.21,1000
0.66,0.22,1000
0.66,0.23,1000
0.66,0.24,1000
0.66,0.25,1000
0.66,0.26,1000
0.66,0.27,1000
0.66,0.28,1000
0.66,0.29,1000
0.66,0.3,1000
0.66,0.31,1000
0.66,0.32,1000
0.66,0.33,1000
0.66,0.34,1000
0.66,0.35,1000
0.66,0.36,1000
0.66,0.37,1000
0.66,0.38,1000
0.66,0.39,1000
0.66,0.4,1000
0.66,0.41,1000
0.66,0.42,1000
0.66,0.43,1000
0.66,0.44,1000
0.66,0.45,1000
0.66,0.46,1000
0.66,0.47,1000
0.66,0.48,1000
0.66,0.49,1000
0.66,0.5,1000
0.66,0.51,1000
0.66,0.52,1000
0.66,0.53,1000
0.66,0.54,1000
0.66,0.55,1000
0.66,0.56,1000
0.66,0.57,1000
0.66,0.58,1000
0.66,0.59,13.071
0.66,0.6,9.2
0.67,0,1000
0.67,0.01,1000
0.67,0.02,1000
0.67,0.03,1000
0.67,0.04,1000
0.67,0.05,1000
0.67,0.06,1000
0.67,0.07,1000
0.67,0.08,1000
0.67,0.09,1000
0.67,0.1,1000
0.67,0.11,1000
0.67,0.12,1000
0.67,0.13,1000
0.67,0.14,1000
0.67,0.15,1000
0.67,0.16,1000
0.67,0.17,1000
0.67,0.18,1000
0.67,0.19,1000
0.67,0.2,1000
0.67,0.21,1000
0.67,0.22,1000
0.67,0.23,1000
0.67,0.24,1000
0.67,0.25,1000
0.67,0.26,1000
0.67,0.27,1000
0.67,0.28,1000
0.67,0.29,1000
0.67,0.3,1000
0.67,0.31,1000
0.67,0.32,1000
0.67,0.33,1000
0.67,0.34,1000
0.67,0.35,1000
0.67,0.36,1000
0.67,0.37,1000
0.67,0.38,1000
0.67,0.39,1000
0.67,0.4,1000
0.67,0.41,1000
0.67,0.42,1000
0.67,0.43,1000
0.67,0.44,1000
0.67,0.45,1000
0.67,0.46,1000
0.67,0.47,1000
0.67,0.48,1000
0.67,0.49,1000
0.67,0.5,1000
0.67,0.51,1000
0.67,0.52,1000
0.67,0.53,1000
0.67,0.54,1000
0.67,0.55,1000
0.67,0.56,1000
0.67,0.57,1000
0.67,0.58,15.75
0.67,0.59,9.65
0.67,0.6,8.05
0.68,0,1000
0.68,0.01,1000
0.68,0.02,1000
0.68,0.03,1000
0.68,0.04,1000
0.68,0.05,1000
0.68,0.06,1000
0.68,0.07,1000
0.68,0.08,1000
0.68,0.09,1000
0.68,0.1,1000
0.68,0.11,1000
0.68,0.12,1000
0.68,0.13,1000
0.68,0.14,1000
0.68,0.15,1000
0.68,0.16,1000
0.68,0.17,1000
0.68,0.18,1000
0.68,0.19,1000
0.68,0.2,1000
0.68,0.21,1000
0.68,0.22,1000
0.68,0.23,1000
0.68,0.24,1000
0.68,0.25,1000
0.68,0.26,1000
0.68,0.27,1000
0.68,0.28,1000
0.68,0.29,1000
0.68,0.3,1000
0.68,0.31,1000
0.68,0.32,1000
0.68,0.33,1000
0.68,0.34,1000
0.68,0.35,1000
0.68,0.36,1000
0.68,0.37,1000
0.68,0.38,1000
0.68,0.39,1000
0.68,0.4,1000
0.68,0.41,1000
0.68,0.42,1000
0.68,0.43,1000
0.68,0.44,1000
0.68,0.45,1000
0.68,0.46,1000
0.68,0.47,1000
0.68,0.48,1000
0.68,0.49,1000
0.68,0.5,1000
0.68,0.51,1000
0.68,0.52,1000
0.68,0.53,1000
0.68,0.54,1000
0.68,0.55,1000
0.68,0.56,1000
0.68,0.57,13.333
0.68,0.58,10.25
0.68,0.59,8.3
0.68,0.6,7.25
0.69,0,1000
0.69,0.01,1000
0.69,0.02,1000
0.69,0.03,1000
0.69,0.04,1000
0.69,0.05,1000
0.69,0.06,1000
0.69,0.07,1000
0.69,0.08,1000
0.69,0.09,1000
0.69,0.1,1000
0.69,0.11,1000
0.69,0.12,1000
0.69,0.13,1000
0.69,0.14,1000
0.69,0.15,1000
0.69,0.16,1000
0.69,0.17,1000
0.69,0.18,1000
0.69,0.19,1000
0.69,0.2,1000
0.69,0.21,1000
0.69,0.22,1000
0.69,0.23,1000
0.69,0.24,1000
0.69,0.25,1000
0.69,0.26,1000
0.69,0.27,1000
0.69,0.28,1000
0.69,0.29,1000
0.69,0.3,1000
0.69,0.31,1000
0.69,0.32,1000
0.69,0.33,1000
0.69,0.34,1000
0.69,0.35,1000
0.69,0.36,1000
0.69,0.37,1000
0.69,0.38,1000
0.69,0.39,1000
0.69,0.4,1000
0.69,0.41,1000
0.69,0.42,1000
0.69,0.43,1000
0.69,0.44,1000
0.69,0.45,1000
0.69,0.46,1000
0.69,0.47,1000
0.69,0.48,1000
0.69,0.49,1000
0.69,0.5,1000
0.69,0.51,1000
0.69,0.52,1000
0.69,0.53,1000
0.69,0.54,1000
0.69,0.55,1000
0.69,0.56,14
0.69,0.57,11.211
0.69,0.58,8.55
0.69,0.59,7.4
0.69,0.6,7
0.7,0,1000
0.7,0.01,1000
0.7,0.02,1000
0.7,0.03,1000
0.7,0.04,1000
0.7,0.05,1000
0.7,0.06,1000
0.7,0.07,1000
0.7,0.08,1000
0.7,0.09,1000
0.7,0.1,1000
0.7,0.11,1000
0.7,0.12,1000
0.7,0.13,1000
0.7,0.14,1000
0.7,0.15,1000
0.7,0.16,1000
0.7,0.17,1000
0.7,0.18,1000
0.7,0.19,1000
0.7,0.2,1000
0.7,0.21,1000
0.7,0.22,1000
0.7,0.23,1000
0.7,0.24,1000
0.7,0.25,1000
0.7,0.26,1000
0.7,0.27,1000
0.7,0.28,1000
0.7,0.29,1000
0.7,0.3,1000
0.7,0.31,1000
0.7,0.32,1000
0.7,0.33,1000
0.7,0.34,1000
0.7,0.35,1000
0.7,0.36,1000
0.7,0.37,1000
0.7,0.38,1000
0.7,0.39,1000
0.7,0.4,1000
0.7,0.41,1000
0.7,0.42,1000
0.7,0.43,1000
0.7,0.44,1000
0.7,0.45,1000
0.7,0.46,1000
0.7,0.47,1000
0.7,0.48,1000
0.7,0.49,1000
0.7,0.5,1000
0.7,0.51,1000
0.7,0.52,1000
0.7,0.53,1000
0.7,0.54,1000
0.7,0.55,11
0.7,0.56,11.611
0.7,0.57,8.6
0.7,0.58,7.55
0.7,0.59,7
0.7,0.6,6.5
0.71,0,1000
0.71,0.01,1000
0.71,0.02,1000
0.71,0.03,1000
0.71,0.04,1000
0.71,0.05,1000
0.71,0.06,1000
0.71,0.07,1000
0.71,0.08,1000
0.71,0.09,1000
0.71,0.1,1000
0.71,0.11,1000
0.71,0.12,1000
0.71,0.13,1000
0.71,0.14,1000
0.71,0.15,1000
0.71,0.16,1000
0.71,0.17,1000
0.71,0.18,1000
0.71,0.19,1000
0.71,0.2,1000
0.71,0.21,1000
0.71,0.22,1000
0.71,0.23,1000
0.71,0.24,1000
0.71,0.25,1000
0.71,0.26,1000
0.71,0.27,1000
0.71,0.28,1000
0.71,0.29,1000
0.71,0.3,1000
0.71,0.31,1000
0.71,0.32,1000
0.71,0.33,1000
0.71,0.34,1000
0.71,0.35,1000
0.71,0.36,1000
0.71,0.37,1000
0.71,0.38,1000
0.71,0.39,1000
0.71,0.4,1000
0.71,0.41,1000
0.71,0.42,1000
0.71,0.43,1000
0.71,0.44,1000
0.71,0.45,1000
0.71,0.46,1000
0.71,0.47,1000
0.71,0.48,1000
0.71,0.49,1000
0.71,0.5,1000
0.71,0.51,1000
0.71,0.52,1000
0.71,0.53,1000
0.71,0.54,14
0.71,0.55,11.412
0.71,0.56,9.1
0.71,0.57,7.75
0.71,0.58,7.1
0.71,0.59,6.65
0.71,0.6,6
0.72,0,1000
0.72,0.01,1000
0.72,0.02,1000
0.72,0.03,1000
0.72,0.04,1000
0.72,0.05,1000
0.72,0.06,1000
0.72,0.07,1000
0.72,0.08,1000
0.72,0.09,1000
0.72,0.1,1000
0.72,0.11,1000
0.72,0.12,1000
0.72,0.13,1000
0.72,0.14,1000
0.72,0.15,1000
0.72,0.16,1000
0.72,0.17,1000
0.72,0.18,1000
0.72,0.19,1000
0.72,0.2,1000
0.72,0.21,1000
0.72,0.22,1000
0.72,0.23,1000
0.72,0.24,1000
0.72,0.25,1000
0.72,0.26,1000
0.72,0.27,1000
0.72,0.28,1000
0.72,0.29,1000
0.72,0.3,1000
0.72,0.31,1000
0.72,0.32,1000
0.72,0.33,1000
0.72,0.34,1000
0.72,0.35,1000
0.72,0.36,1000
0.72,0.37,1000
0.72,0.38,1000
0.72,0.39,1000
0.72,0.4,1000
0.72,0.41,1000
0.72,0.42,1000
0.72,0.43,1000
0.72,0.44,1000
0.72,0.45,1000
0.72,0.46,1000
0.72,0.47,1000
0.72,0.48,1000
0.72,0.49,1000
0.72,0.5,1000
0.72,0.51,1000
0.72,0.52,1000
0.72,0.53,1000
0.72,0.54,14.545
0.72,0.55,9.6
0.72,0.56,8.25
0.72,0.57,7.35
0.72,0.58,6.9
0.72,0.59,6.1
0.72,0.6,6
0.73,0,1000
0.73,0.01,1000
0.73,0.02,1000
0.73,0.03,1000
0.73,0.04,1000
0.73,0.05,1000
0.73,0.06,1000
0.73,0.07,1000
0.73,0.08,1000
0.73,0.09,1000
0.73,0.1,1000
0.73,0.11,1000
0.73,0.12,1000
0.73,0.13,1000
0.73,0.14,1000
0.73,0.15,1000
0.73,0.16,1000
0.73,0.17,1000
0.73,0.18,1000
0.73,0.19,1000
0.73,0.2,1000
0.73,0.21,1000
0.73,0.22,1000
0.73,0.23,1000
0.73,0.24,1000
0.73,0.25,1000
0.73,0.26,1000
0.73,0.27,1000
0.73,0.28,1000
0.73,0.29,1000
0.73,0.3,1000
0.73,0.31,1000
0.73,0.32,1000
0.73,0.33,1000
0.73,0.34,1000
0.73,0.35,1000
0.73,0.36,1000
0.73,0.37,1000
0.73,0.38,1000
0.73,0.39,1000
0.73,0.4,1000
0.73,0.41,1000
0.73,0.42,1000
0.73,0.43,1000
0.73,0.44,1000
0.73,0.45,1000
0.73,0.46,1000
0.73,0.47,1000
0.73,0.48,1000
0.73,0.49,1000
0.73,0.5,1000
0.73,0.51,1000
0.73,0.52,1000
0.73,0.53,13.2
0.73,0.54,10.368
0.73,0.55,8.6
0.73,0.56,7.75
0.73,0.57,6.9
0.73,0.58,6.2
0.73,0.59,6
0.73,0.6,5.95
0.74,0,1000
0.74,0.01,1000
0.74,0.02,1000
0.74,0.03,1000
0.74,0.04,1000
0.74,0.05,1000
0.74,0.06,1000
0.74,0.07,1000
0.74,0.08,1000
0.74,0.09,1000
0.74,0.1,1000
0.74,0.11,1000
0.74,0.12,1000
0.74,0.13,1000
0.74,0.14,1000
0.74,0.15,1000
0.74,0.16,1000
0.74,0.17,1000
0.74,0.18,1000
0.74,0.19,1000
0.74,0.2,1000
0.74,0.21,1000
0.74,0.22,1000
0.74,0.23,1000
0.74,0.24,1000
0.74,0.25,1000
0.74,0.26,1000
0.74,0.27,1000
0.74,0.28,1000
0.74,0.29,1000
0.74,0.3,1000
0.74,0.31,1000
0.74,0.32,1000
0.74,0.33,1000
0.74,0.34,1000
0.74,0.35,1000
0.74,0.36,1000
0.74,0.37,1000
0.74,0.38,1000
0.74,0.39,1000
0.74,0.4,1000
0.74,0.41,1000
0.74,0.42,1000
0.74,0.43,1000
0.74,0.44,1000
0.74,0.45,1000
0.74,0.46,1000
0.74,0.47,1000
0.74,0.48,1000
0.74,0.49,1000
0.74,0.5,1000
0.74,0.51,1000
0.74,0.52,15.667
0.74,0.53,11.2
0.74,0.54,8.65
0.74,0.55,7.8
0.74,0.56,7
0.74,0.57,6.6
0.74,0.58,6
0.74,0.59,5.85
0.74,0.6,5.3
0.75,0,1000
0.75,0.01,1000
0.75,0.02,1000
0.75,0.03,1000
0.75,0.04,1000
0.75,0.05,1000
0.75,0.06,1000
0.75,0.07,1000
0.75,0.08,1000
0.75,0.09,1000
0.75,0.1,1000
0.75,0.11,1000
0.75,0.12,1000
0.75,0.13,1000
0.75,0.14,1000
0.75,0.15,1000
0.75,0.16,1000
0.75,0.17,1000
0.75,0.18,1000
0.75,0.19,1000
0.75,0.2,1000
0.75,0.21,1000
0.75,0.22,1000
0.75,0.23,1000
0.75,0.24,1000
0.75,0.25,1000
0.75,0.26,1000
0.75,0.27,1000
0.75,0.28,1000
0.75,0.29,1000
0.75,0.3,1000
0.75,0.31,1000
0.75,0.32,1000
0.75,0.33,1000
0.75,0.34,1000
0.75,0.35,1000
0.75,0.36,1000
0.75,0.37,1000
0.75,0.38,1000
0.75,0.39,1000
0.75,0.4,1000
0.75,0.41,1000
0.75,0.42,1000
0.75,0.43,1000
0.75,0.44,1000
0.75,0.45,1000
0.75,0.46,1000
0.75,0.47,1000
0.75,0.48,1000
0.75,0.49,1000
0.75,0.5,1000
0.75,0.51,19
0.75,0.52,11.85
0.75,0.53,9.2
0.75,0.54,8
0.75,0.55,7.15
0.75,0.56,6.85
0.75,0.57,6
0.75,0.58,6
0.75,0.59,5.6
0.75,0.6,5
0.76,0,1000
0.76,0.01,1000
0.76,0.02,1000
0.76,0.03,1000
0.76,0.04,1000
0.76,0.05,1000
0.76,0.06,1000
0.76,0.07,1000
0.76,0.08,1000
0.76,0.09,1000
0.76,0.1,1000
0.76,0.11,1000
0.76,0.12,1000
0.76,0.13,1000
0.76,0.14,1000
0.76,0.15,1000
0.76,0.16,1000
0.76,0.17,1000
0.76,0.18,1000
0.76,0.19,1000
0.76,0.2,1000
0.76,0.21,1000
0.76,0.22,1000
0.76,0.23,1000
0.76,0.24,1000
0.76,0.25,1000
0.76,0.26,1000
0.76,0.27,1000
0.76,0.28,1000
0.76,0.29,1000
0.76,0.3,1000
0.76,0.31,1000
0.76,0.32,1000
0.76,0.33,1000
0.76,0.34,1000
0.76,0.35,1000
0.76,0.36,1000
0.76,0.37,1000
0.76,0.38,1000
0.76,0.39,1000
0.76,0.4,1000
0.76,0.41,1000
0.76,0.42,1000
0.76,0.43,1000
0.76,0.44,1000
0.76,0.45,1000
0.76,0.46,1000
0.76,0.47,1000
0.76,0.48,1000
0.76,0.49,1000
0.76,0.5,1000
0.76,0.51,13.133
0.76,0.52,9.65
0.76,0.53,8.1
0.76,0.54,7.15
0.76,0.55,7
0.76,0.56,6.1
0.76,0.57,6
0.76,0.58,5.75
0.76,0.59,5
0.76,0.6,5
0.77,0,1000
0.77,0.01,1000
0.77,0.02,1000
0.77,0.03,1000
0.77,0.04,1000
0.77,0.05,1000
0.77,0.06,1000
0.77,0.07,1000
0.77,0.08,1000
0.77,0.09,1000
0.77,0.1,1000
0.77,0.11,1000
0.77,0.12,1000
0.77,0.13,1000
0.77,0.14,1000
0.77,0.15,1000
0.77,0.16,1000
0.77,0.17,1000
0.77,0.18,1000
0.77,0.19,1000
0.77,0.2,1000
0.77,0.21,1000
0.77,0.22,1000
0.77,0.23,1000
0.77,0.24,1000
0.77,0.25,1000
0.77,0.26,1000
0.77,0.27,1000
0.77,0.28,1000
0.77,0.29,1000
0.77,0.3,1000
0.77,0.31,1000
0.77,0.32,1000
0.77,0.33,1000
0.77,0.34,1000
0.77,0.35,1000
0.77,0.36,1000
0.77,0.37,1000
0.77,0.38,1000
0.77,0.39,1000
0.77,0.4,1000
0.77,0.41,1000
0.77,0.42,1000
0.77,0.43,1000
0.77,0.44,1000
0.77,0.45,1000
0.77,0.46,1000
0.77,0.47,1000
0.77,0.48,1000
0.77,0.49,1000
0.77,0.5,13.667
0.77,0.51,10.75
0.77,0.52,8.4
0.77,0.53,7.7
0.77,0.54,7
0.77,0.55,6.45
0.77,0.56,6
0.77,0.57,6
0.77,0.58,5.25
0.77,0.59,5
0.77,0.6,5
0.78,0,1000
0.78,0.01,1000
0.78,0.02,1000
0.78,0.03,1000
0.78,0.04,1000
0.78,0.05,1000
0.78,0.06,1000
0.78,0.07,1000
0.78,0.08,1000
0.78,0.09,1000
0.78,0.1,1000
0.78,0.11,1000
0.78,0.12,1000
0.78,0.13,1000
0.78,0.14,1000
0.78,0.15,1000
0.78,0.16,1000
0.78,0.17,1000
0.78,0.18,1000
0.78,0.19,1000
0.78,0.2,1000
0.78,0.21,1000
0.78,0.22,1000
0.78,0.23,1000
0.78,0.24,1000
0.78,0.25,1000
0.78,0.26,1000
0.78,0.27,1000
0.78,0.28,1000
0.78,0.29,1000
0.78,0.3,1000
0.78,0.31,1000
0.78,0.32,1000
0.78,0.33,1000
0.78,0.34,1000
0.78,0.35,1000
0.78,0.36,1000
0.78,0.37,1000
0.78,0.38,1000
0.78,0.39,1000
0.78,0.4,1000
0.78,0.41,1000
0.78,0.42,1000
0.78,0.43,1000
0.78,0.44,1000
0.78,0.45,1000
0.78,0.46,1000
0.78,0.47,1000
0.78,0.48,1000
0.78,0.49,15.333
0.78,0.5,10.55
0.78,0.51,8.6
0.78,0.52,7.8
0.78,0.53,7
0.78,0.54,6.85
0.78,0.55,6.05
0.78,0.56,6
0.78,0.57,5.7
0.78,0.58,5
0.78,0.59,5
0.78,0.6,5
0.79,0,1000
0.79,0.01,1000
0.79,0.02,1000
0.79,0.03,1000
0.79,0.04,1000
0.79,0.05,1000
0.79,0.06,1000
0.79,0.07,1000
0.79,0.08,1000
0.79,0.09,1000
0.79,0.1,1000
0.79,0.11,1000
0.79,0.12,1000
0.79,0.13,1000
0.79,0.14,1000
0.79,0.15,1000
0.79,0.16,1000
0.79,0.17,1000
0.79,0.18,1000
0.79,0.19,1000
0.79,0.2,1000
0.79,0.21,1000
0.79,0.22,1000
0.79,0.23,1000
0.79,0.24,1000
0.79,0.25,1000
0.79,0.26,1000
0.79,0.27,1000
0.79,0.28,1000
0.79,0.29,1000
0.79,0.3,1000
0.79,0.31,1000
0.79,0.32,1000
0.79,0.33,1000
0.79,0.34,1000
0.79,0.35,1000
0.79,0.36,1000
0.79,0.37,1000
0.79,0.38,1000
0.79,0.39,1000
0.79,0.4,1000
0.79,0.41,1000
0.79,0.42,1000
0.79,0.43,1000
0.79,0.44,1000
0.79,0.45,1000
0.79,0.46,1000
0.79,0.47,1000
0.79,0.48,14
0.79,0.49,12.143
0.79,0.5,9.15
0.79,0.51,8.1
0.79,0.52,7.3
0.79,0.53,7
0.79,0.54,6.1
0.79,0.55,6
0.79,0.56,5.95
0.79,0.57,5.05
0.79,0.58,5
0.79,0.59,5
0.79,0.6,5
0.8,0,1000
0.8,0.01,1000
0.8,0.02,1000
0.8,0.03,1000
0.8,0.04,1000
0.8,0.05,1000
0.8,0.06,1000
0.8,0.07,1000
0.8,0.08,1000
0.8,0.09,1000
0.8,0.1,1000
0.8,0.11,1000
0.8,0.12,1000
0.8,0.13,1000
0.8,0.14,1000
0.8,0.15,1000
0.8,0.16,1000
0.8,0.17,1000
0.8,0.18,1000
0.8,0.19,1000
0.8,0.2,1000
0.8,0.21,1000
0.8,0.22,1000
0.8,0.23,1000
0.8,0.24,1000
0.8,0.25,1000
0.8,0.26,1000
0.8,0.27,1000
0.8,0.28,1000
0.8,0.29,1000
0.8,0.3,1000
0.8,0.31,1000
0.8,0.32,1000
0.8,0.33,1000
0.8,0.34,1000
0.8,0.35,1000
0.8,0.36,1000
0.8,0.37,1000
0.8,0.38,1000
0.8,0.39,1000
0.8,0.4,1000
0.8,0.41,1000
0.8,0.42,1000
0.8,0.43,1000
0.8,0.44,1000
0.8,0.45,1000
0.8,0.46,1000
0.8,0.47,13
0.8,0.48,12.583
0.8,0.49,9.7
0.8,0.5,8.2
0.8,0.51,7.45
0.8,0.52,6.95
0.8,0.53,6.45
0.8,0.54,6
0.8,0.55,6
0.8,0.56,5.35
0.8,0.57,5
0.8,0.58,5
0.8,0.59,5
0.8,0.6,4.95
0.81,0,1000
0.81,0.01,1000
0.81,0.02,1000
0.81,0.03,1000
0.81,0.04,1000
0.81,0.05,1000
0.81,0.06,1000
0.81,0.07,1000
0.81,0.08,1000
0.81,0.09,1000
0.81,0.1,1000
0.81,0.11,1000
0.81,0.12,1000
0.81,0.13,1000
0.81,0.14,1000
0.81,0.15,1000
0.81,0.16,1000
0.81,0.17,1000
0.81,0.18,1000
0.81,0.19,1000
0.81,0.2,1000
0.81,0.21,1000
0.81,0.22,1000
0.81,0.23,1000
0.81,0.24,1000
0.81,0.25,1000
0.81,0.26,1000
0.81,0.27,1000
0.81,0.28,1000
0.81,0.29,1000
0.81,0.3,1000
0.81,0.31,1000
0.81,0.32,1000
0.81,0.33,1000
0.81,0.34,1000
0.81,0.35,1000
0.81,0.36,1000
0.81,0.37,1000
0.81,0.38,1000
0.81,0.39,1000
0.81,0.4,1000
0.81,0.41,1000
0.81,0.42,1000
0.81,0.43,1000
0.81,0.44,1000
0.81,0.45,1000
0.81,0.46,1000
0.81,0.47,14.2
0.81,0.48,10.2
0.81,0.49,8.7
0.81,0.5,7.7
0.81,0.51,7
0.81,0.52,6.65
0.81,0.53,6
0.81,0.54,6
0.81,0.55,5.65
0.81,0.56,5.05
0.81,0.57,5
0.81,0.58,5
0.81,0.59,5
0.81,0.6,4.5
0.82,0,1000
0.82,0.01,1000
0.82,0.02,1000
0.82,0.03,1000
0.82,0.04,1000
0.82,0.05,1000
0.82,0.06,1000
0.82,0.07,1000
0.82,0.08,1000
0.82,0.09,1000
0.82,0.1,1000
0.82,0.11,1000
0.82,0.12,1000
0.82,0.13,1000
0.82,0.14,1000
0.82,0.15,1000
0.82,0.16,1000
0.82,0.17,1000
0.82,0.18,1000
0.82,0.19,1000
0.82,0.2,1000
0.82,0.21,1000
0.82,0.22,1000
0.82,0.23,1000
0.82,0.24,1000
0.82,0.25,1000
0.82,0.26,1000
0.82,0.27,1000
0.82,0.28,1000
0.82,0.29,1000
0.82,0.3,1000
0.82,0.31,1000
0.82,0.32,1000
0.82,0.33,1000
0.82,0.34,1000
0.82,0.35,1000
0.82,0.36,1000
0.82,0.37,1000
0.82,0.38,1000
0.82,0.39,1000
0.82,0.4,1000
0.82,0.41,1000
0.82,0.42,1000
0.82,0.43,1000
0.82,0.44,1000
0.82,0.45,1000
0.82,0.46,16
0.82,0.47,11.15
0.82,0.48,9.2
0.82,0.49,7.9
0.82,0.5,7.05
0.82,0.51,7
0.82,0.52,6.1
0.82,0.53,6
0.82,0.54,5.9
0.82,0.55,5.3
0.82,0.56,5
0.82,0.57,5
0.82,0.58,5
0.82,0.59,4.85
0.82,0.6,4.15
0.83,0,1000
0.83,0.01,1000
0.83,0.02,1000
0.83,0.03,1000
0.83,0.04,1000
0.83,0.05,1000
0.83,0.06,1000
0.83,0.07,1000
0.83,0.08,1000
0.83,0.09,1000
0.83,0.1,1000
0.83,0.11,1000
0.83,0.12,1000
0.83,0.13,1000
0.83,0.14,1000
0.83,0.15,1000
0.83,0.16,1000
0.83,0.17,1000
0.83,0.18,1000
0.83,0.19,1000
0.83,0.2,1000
0.83,0.21,1000
0.83,0.22,1000
0.83,0.23,1000
0.83,0.24,1000
0.83,0.25,1000
0.83,0.26,1000
0.83,0.27,1000
0.83,0.28,1000
0.83,0.29,1000
0.83,0.3,1000
0.83,0.31,1000
0.83,0.32,1000
0.83,0.33,1000
0.83,0.34,1000
0.83,0.35,1000
0.83,0.36,1000
0.83,0.37,1000
0.83,0.38,1000
0.83,0.39,1000
0.83,0.4,1000
0.83,0.41,1000
0.83,0.42,1000
0.83,0.43,1000
0.83,0.44,1000
0.83,0.45,1000
0.83,0.46,12.35
0.83,0.47,9.85
0.83,0.48,8.1
0.83,0.49,7.3
0.83,0.5,7
0.83,0.51,6.3
0.83,0.52,6
0.83,0.53,6
0.83,0.54,5.55
0.83,0.55,5
0.83,0.56,5
0.83,0.57,5
0.83,0.58,5
0.83,0.59,4.4
0.83,0.6,4
0.84,0,1000
0.84,0.01,1000
0.84,0.02,1000
0.84,0.03,1000
0.84,0.04,1000
0.84,0.05,1000
0.84,0.06,1000
0.84,0.07,1000
0.84,0.08,1000
0.84,0.09,1000
0.84,0.1,1000
0.84,0.11,1000
0.84,0.12,1000
0.84,0.13,1000
0.84,0.14,1000
0.84,0.15,1000
0.84,0.16,1000
0.84,0.17,1000
0.84,0.18,1000
0.84,0.19,1000
0.84,0.2,1000
0.84,0.21,1000
0.84,0.22,1000
0.84,0.23,1000
0.84,0.24,1000
0.84,0.25,1000
0.84,0.26,1000
0.84,0.27,1000
0.84,0.28,1000
0.84,0.29,1000
0.84,0.3,1000
0.84,0.31,1000
0.84,0.32,1000
0.84,0.33,1000
0.84,0.34,1000
0.84,0.35,1000
0.84,0.36,1000
0.84,0.37,1000
0.84,0.38,1000
0.84,0.39,1000
0.84,0.4,1000
0.84,0.41,1000
0.84,0.42,1000
0.84,0.43,1000
0.84,0.44,1000
0.84,0.45,15.417
0.84,0.46,10.05
0.84,0.47,8.6
0.84,0.48,7.75
0.84,0.49,7
0.84,0.5,6.75
0.84,0.51,6
0.84,0.52,6
0.84,0.53,5.75
0.84,0.54,5.05
0.84,0.55,5
0.84,0.56,5
0.84,0.57,5
0.84,0.58,4.8
0.84,0.59,4.1
0.84,0.6,4
0.85,0,1000
0.85,0.01,1000
0.85,0.02,1000
0.85,0.03,1000
0.85,0.04,1000
0.85,0.05,1000
0.85,0.06,1000
0.85,0.07,1000
0.85,0.08,1000
0.85,0.09,1000
0.85,0.1,1000
0.85,0.11,1000
0.85,0.12,1000
0.85,0.13,1000
0.85,0.14,1000
0.85,0.15,1000
0.85,0.16,1000
0.85,0.17,1000
0.85,0.18,1000
0.85,0.19,1000
0.85,0.2,1000
0.85,0.21,1000
0.85,0.22,1000
0.85,0.23,1000
0.85,0.24,1000
0.85,0.25,1000
0.85,0.26,1000
0.85,0.27,1000
0.85,0.28,1000
0.85,0.29,1000
0.85,0.3,1000
0.85,0.31,1000
0.85,0.32,1000
0.85,0.33,1000
0.85,0.34,1000
0.85,0.35,1000
0.85,0.36,1000
0.85,0.37,1000
0.85,0.38,1000
0.85,0.39,1000
0.85,0.4,1000
0.85,0.41,1000
0.85,0.42,1000
0.85,0.43,1000
0.85,0.44,13.5
0.85,0.45,11.3
0.85,0.46,9
0.85,0.47,8.05
0.85,0.48,7.2
0.85,0.49,6.9
0.85,0.5,6.05
0.85,0.51,6
0.85,0.52,5.95
0.85,0.53,5.15
0.85,0.54,5
0.85,0.55,5
0.85,0.56,5
0.85,0.57,5
0.85,0.58,4.2
0.85,0.59,4
0.85,0.6,4
0.86,0,1000
0.86,0.01,1000
0.86,0.02,1000
0.86,0.03,1000
0.86,0.04,1000
0.86,0.05,1000
0.86,0.06,1000
0.86,0.07,1000
0.86,0.08,1000
0.86,0.09,1000
0.86,0.1,1000
0.86,0.11,1000
0.86,0.12,1000
0.86,0.13,1000
0.86,0.14,1000
0.86,0.15,1000
0.86,0.16,1000
0.86,0.17,1000
0.86,0.18,1000
0.86,0.19,1000
0.86,0.2,1000
0.86,0.21,1000
0.86,0.22,1000
0.86,0.23,1000
0.86,0.24,1000
0.86,0.25,1000
0.86,0.26,1000
0.86,0.27,1000
0.86,0.28,1000
0.86,0.29,1000
0.86,0.3,1000
0.86,0.31,1000
0.86,0.32,1000
0.86,0.33,1000
0.86,0.34,1000
0.86,0.35,1000
0.86,0.36,1000
0.86,0.37,1000
0.86,0.38,1000
0.86,0.39,1000
0.86,0.4,1000
0.86,0.41,1000
0.86,0.42,1000
0.86,0.43,1000
0.86,0.44,11.8
0.86,0.45,9.55
0.86,0.46,8.2
0.86,0.47,7.45
0.86,0.48,7
0.86,0.49,6.3
0.86,0.5,6
0.86,0.51,6
0.86,0.52,5.6
0.86,0.53,5
0.86,0.54,5
0.86,0.55,5
0.86,0.56,5
0.86,0.57,4.85
0.86,0.58,4.1
0.86,0.59,4
0.86,0.6,4
0.87,0,1000
0.87,0.01,1000
0.87,0.02,1000
0.87,0.03,1000
0.87,0.04,1000
0.87,0.05,1000
0.87,0.06,1000
0.87,0.07,1000
0.87,0.08,1000
0.87,0.09,1000
0.87,0.1,1000
0.87,0.11,1000
0.87,0.12,1000
0.87,0.13,1000
0.87,0.14,1000
0.87,0.15,1000
0.87,0.16,1000
0.87,0.17,1000
0.87,0.18,1000
0.87,0.19,1000
0.87,0.2,1000
0.87,0.21,1000
0.87,0.22,1000
0.87,0.23,1000
0.87,0.24,1000
0.87,0.25,1000
0.87,0.26,1000
0.87,0.27,1000
0.87,0.28,1000
0.87,0.29,1000
0.87,0.3,1000
0.87,0.31,1000
0.87,0.32,1000
0.87,0.33,1000
0.87,0.34,1000
0.87,0.35,1000
0.87,0.36,1000
0.87,0.37,1000
0.87,0.38,1000
0.87,0.39,1000
0.87,0.4,1000
0.87,0.41,1000
0.87,0.42,1000
0.87,0.43,14.188
0.87,0.44,10.2
0.87,0.45,8.4
0.87,0.46,7.95
0.87,0.47,7.05
0.87,0.48,6.8
0.87,0.49,6.1
0.87,0.5,6
0.87,0.51,5.95
0.87,0.52,5.1
0.87,0.53,5
0.87,0.54,5
0.87,0.55,5
0.87,0.56,4.85
0.87,0.57,4.2
0.87,0.58,4
0.87,0.59,4
0.87,0.6,4
0.88,0,1000
0.88,0.01,1000
0.88,0.02,1000
0.88,0.03,1000
0.88,0.04,1000
0.88,0.05,1000
0.88,0.06,1000
0.88,0.07,1000
0.88,0.08,1000
0.88,0.09,1000
0.88,0.1,1000
0.88,0.11,1000
0.88,0.12,1000
0.88,0.13,1000
0.88,0.14,1000
0.88,0.15,1000
0.88,0.16,1000
0.88,0.17,1000
0.88,0.18,1000
0.88,0.19,1000
0.88,0.2,1000
0.88,0.21,1000
0.88,0.22,1000
0.88,0.23,1000
0.88,0.24,1000
0.88,0.25,1000
0.88,0.26,1000
0.88,0.27,1000
0.88,0.28,1000
0.88,0.29,1000
0.88,0.3,1000
0.88,0.31,1000
0.88,0.32,1000
0.88,0.33,1000
0.88,0.34,1000
0.88,0.35,1000
0.88,0.36,1000
0.88,0.37,1000
0.88,0.38,1000
0.88,0.39,1000
0.88,0.4,1000
0.88,0.41,1000
0.88,0.42,15
0.88,0.43,11.15
0.88,0.44,9
0.88,0.45,7.95
0.88,0.46,7.2
0.88,0.47,7
0.88,0.48,6.15
0.88,0.49,6
0.88,0.5,6
0.88,0.51,5.35
0.88,0.52,5
0.88,0.53,5
0.88,0.54,5
0.88,0.55,5
0.88,0.56,4.55
0.88,0.57,4.05
0.88,0.58,4
0.88,0.59,4
0.88,0.6,4
0.89,0,1000
0.89,0.01,1000
0.89,0.02,1000
0.89,0.03,1000
0.89,0.04,1000
0.89,0.05,1000
0.89,0.06,1000
0.89,0.07,1000
0.89,0.08,1000
0.89,0.09,1000
0.89,0.1,1000
0.89,0.11,1000
0.89,0.12,1000
0.89,0.13,1000
0.89,0.14,1000
0.89,0.15,1000
0.89,0.16,1000
0.89,0.17,1000
0.89,0.18,1000
0.89,0.19,1000
0.89,0.2,1000
0.89,0.21,1000
0.89,0.22,1000
0.89,0.23,1000
0.89,0.24,1000
0.89,0.25,1000
0.89,0.26,1000
0.89,0.27,1000
0.89,0.28,1000
0.89,0.29,1000
0.89,0.3,1000
0.89,0.31,1000
0.89,0.32,1000
0.89,0.33,1000
0.89,0.34,1000
0.89,0.35,1000
0.89,0.36,1000
0.89,0.37,1000
0.89,0.38,1000
0.89,0.39,1000
0.89,0.4,1000
0.89,0.41,1000
0.89,0.42,12.222
0.89,0.43,9.5
0.89,0.44,8.25
0.89,0.45,7.55
0.89,0.46,7
0.89,0.47,6.55
0.89,0.48,6.05
0.89,0.49,6
0.89,0.5,5.8
0.89,0.51,5
0.89,0.52,5
0.89,0.53,5
0.89,0.54,5
0.89,0.55,4.95
0.89,0.56,4.2
0.89,0.57,4
0.89,0.58,4
0.89,0.59,4
0.89,0.6,4
0.9,0,1000
0.9,0.01,1000
0.9,0.02,1000
0.9,0.03,1000
0.9,0.04,1000
0.9,0.05,1000
0.9,0.06,1000
0.9,0.07,1000
0.9,0.08,1000
0.9,0.09,1000
0.9,0.1,1000
0.9,0.11,1000
0.9,0.12,1000
0.9,0.13,1000
0.9,0.14,1000
0.9,0.15,1000
0.9,0.16,1000
0.9,0.17,1000
0.9,0.18,1000
0.9,0.19,1000
0.9,0.2,1000
0.9,0.21,1000
0.9,0.22,1000
0.9,0.23,1000
0.9,0.24,1000
0.9,0.25,1000
0.9,0.26,1000
0.9,0.27,1000
0.9,0.28,1000
0.9,0.29,1000
0.9,0.3,1000
0.9,0.31,1000
0.9,0.32,1000
0.9,0.33,1000
0.9,0.34,1000
0.9,0.35,1000
0.9,0.36,1000
0.9,0.37,1000
0.9,0.38,1000
0.9,0.39,1000
0.9,0.4,1000
0.9,0.41,15.077
0.9,0.42,10
0.9,0.43,8.75
0.9,0.44,7.85
0.9,0.45,7.15
0.9,0.46,6.85
0.9,0.47,6
0.9,0.48,6
0.9,0.49,6
0.9,0.5,5.3
0.9,0.51,5
0.9,0.52,5
0.9,0.53,5
0.9,0.54,4.95
0.9,0.55,4.75
0.9,0.56,4.05
0.9,0.57,4
0.9,0.58,4
0.9,0.59,4
0.9,0.6,4
0.91,0,1000
0.91,0.01,1000
0.91,0.02,1000
0.91,0.03,1000
0.91,0.04,1000
0.91,0.05,1000
0.91,0.06,1000
0.91,0.07,1000
0.91,0.08,1000
0.91,0.09,1000
0.91,0.1,1000
0.91,0.11,1000
0.91,0.12,1000
0.91,0.13,1000
0.91,0.14,1000
0.91,0.15,1000
0.91,0.16,1000
0.91,0.17,1000
0.91,0.18,1000
0.91,0.19,1000
0.91,0.2,1000
0.91,0.21,1000
0.91,0.22,1000
0.91,0.23,1000
0.91,0.24,1000
0.91,0.25,1000
0.91,0.26,1000
0.91,0.27,1000
0.91,0.28,1000
0.91,0.29,1000
0.91,0.3,1000
0.91,0.31,1000
0.91,0.32,1000
0.91,0.33,1000
0.91,0.34,1000
0.91,0.35,1000
0.91,0.36,1000
0.91,0.37,1000
0.91,0.38,1000
0.91,0.39,1000
0.91,0.4,1000
0.91,0.41,11.35
0.91,0.42,9.15
0.91,0.43,7.95
0.91,0.44,7.35
0.91,0.45,7
0.91,0.46,6.1
0.91,0.47,6
0.91,0.48,6
0.91,0.49,5.4
0.91,0.5,5
0.91,0.51,5
0.91,0.52,5
0.91,0.53,5
0.91,0.54,4.95
0.91,0.55,4.05
0.91,0.56,4
0.91,0.57,4
0.91,0.58,4
0.91,0.59,4
0.91,0.6,4
0.92,0,1000
0.92,0.01,1000
0.92,0.02,1000
0.92,0.03,1000
0.92,0.04,1000
0.92,0.05,1000
0.92,0.06,1000
0.92,0.07,1000
0.92,0.08,1000
0.92,0.09,1000
0.92,0.1,1000
0.92,0.11,1000
0.92,0.12,1000
0.92,0.13,1000
0.92,0.14,1000
0.92,0.15,1000
0.92,0.16,1000
0.92,0.17,1000
0.92,0.18,1000
0.92,0.19,1000
0.92,0.2,1000
0.92,0.21,1000
0.92,0.22,1000
0.92,0.23,1000
0.92,0.24,1000
0.92,0.25,1000
0.92,0.26,1000
0.92,0.27,1000
0.92,0.28,1000
0.92,0.29,1000
0.92,0.3,1000
0.92,0.31,1000
0.92,0.32,1000
0.92,0.33,1000
0.92,0.34,1000
0.92,0.35,1000
0.92,0.36,1000
0.92,0.37,1000
0.92,0.38,1000
0.92,0.39,1000
0.92,0.4,13.412
0.92,0.41,9.7
0.92,0.42,8.35
0.92,0.43,7.75
0.92,0.44,7
0.92,0.45,6.85
0.92,0.46,6
0.92,0.47,6
0.92,0.48,5.9
0.92,0.49,5.2
0.92,0.5,5
0.92,0.51,5
0.92,0.52,5
0.92,0.53,5
0.92,0.54,4.45
0.92,0.55,4
0.92,0.56,4
0.92,0.57,4
0.92,0.58,4
0.92,0.59,4
0.92,0.6,4
0.93,0,1000
0.93,0.01,1000
0.93,0.02,1000
0.93,0.03,1000
0.93,0.04,1000
0.93,0.05,1000
0.93,0.06,1000
0.93,0.07,1000
0.93,0.08,1000
0.93,0.09,1000
0.93,0.1,1000
0.93,0.11,1000
0.93,0.12,1000
0.93,0.13,1000
0.93,0.14,1000
0.93,0.15,1000
0.93,0.16,1000
0.93,0.17,1000
0.93,0.18,1000
0.93,0.19,1000
0.93,0.2,1000
0.93,0.21,1000
0.93,0.22,1000
0.93,0.23,1000
0.93,0.24,1000
0.93,0.25,1000
0.93,0.26,1000
0.93,0.27,1000
0.93,0.28,1000
0.93,0.29,1000
0.93,0.3,1000
0.93,0.31,1000
0.93,0.32,1000
0.93,0.33,1000
0.93,0.34,1000
0.93,0.35,1000
0.93,0.36,1000
0.93,0.37,1000
0.93,0.38,1000
0.93,0.39,15.071
0.93,0.4,10.55
0.93,0.41,8.8
0.93,0.42,7.95
0.93,0.43,7.05
0.93,0.44,7
0.93,0.45,6.3
0.93,0.46,6
0.93,0.47,6
0.93,0.48,5.4
0.93,0.49,5
0.93,0.5,5
0.93,0.51,5
0.93,0.52,5
0.93,0.53,5
0.93,0.54,4.1
0.93,0.55,4
0.93,0.56,4
0.93,0.57,4
0.93,0.58,4
0.93,0.59,4
0.93,0.6,4
0.94,0,1000
0.94,0.01,1000
0.94,0.02,1000
0.94,0.03,1000
0.94,0.04,1000
0.94,0.05,1000
0.94,0.06,1000
0.94,0.07,1000
0.94,0.08,1000
0.94,0.09,1000
0.94,0.1,1000
0.94,0.11,1000
0.94,0.12,1000
0.94,0.13,1000
0.94,0.14,1000
0.94,0.15,1000
0.94,0.16,1000
0.94,0.17,1000
0.94,0.18,1000
0.94,0.19,1000
0.94,0.2,1000
0.94,0.21,1000
0.94,0.22,1000
0.94,0.23,1000
0.94,0.24,1000
0.94,0.25,1000
0.94,0.26,1000
0.94,0.27,1000
0.94,0.28,1000
0.94,0.29,1000
0.94,0.3,1000
0.94,0.31,1000
0.94,0.32,1000
0.94,0.33,1000
0.94,0.34,1000
0.94,0.35,1000
0.94,0.36,1000
0.94,0.37,1000
0.94,0.38,15.333
0.94,0.39,11.6
0.94,0.4,9.35
0.94,0.41,8.2
0.94,0.42,7.45
0.94,0.43,7
0.94,0.44,6.8
0.94,0.45,6
0.94,0.46,6
0.94,0.47,5.9
0.94,0.48,5.05
0.94,0.49,5
0.94,0.5,5
0.94,0.51,5
0.94,0.52,5
0.94,0.53,4.55
0.94,0.54,4
0.94,0.55,4
0.94,0.56,4
0.94,0.57,4
0.94,0.58,4
0.94,0.59,4
0.94,0.6,4
0.95,0,1000
0.95,0.01,1000
0.95,0.02,1000
0.95,0.03,1000
0.95,0.04,1000
0.95,0.05,1000
0.95,0.06,1000
0.95,0.07,1000
0.95,0.08,1000
0.95,0.09,1000
0.95,0.1,1000
0.95,0.11,1000
0.95,0.12,1000
0.95,0.13,1000
0.95,0.14,1000
0.95,0.15,1000
0.95,0.16,1000
0.95,0.17,1000
0.95,0.18,1000
0.95,0.19,1000
0.95,0.2,1000
0.95,0.21,1000
0.95,0.22,1000
0.95,0.23,1000
0.95,0.24,1000
0.95,0.25,1000
0.95,0.26,1000
0.95,0.27,1000
0.95,0.28,1000
0.95,0.29,1000
0.95,0.3,1000
0.95,0.31,1000
0.95,0.32,1000
0.95,0.33,1000
0.95,0.34,1000
0.95,0.35,1000
0.95,0.36,1000
0.95,0.37,1000
0.95,0.38,13.25
0.95,0.39,10.4
0.95,0.4,8.8
0.95,0.41,7.95
0.95,0.42,7
0.95,0.43,6.9
0.95,0.44,6.2
0.95,0.45,6
0.95,0.46,6
0.95,0.47,5.35
0.95,0.48,5
0.95,0.49,5
0.95,0.5,5
0.95,0.51,5
0.95,0.52,5
0.95,0.53,4.15
0.95,0.54,4
0.95,0.55,4
0.95,0.56,4
0.95,0.57,4
0.95,0.58,4
0.95,0.59,4
0.95,0.6,4
0.96,0,1000
0.96,0.01,1000
0.96,0.02,1000
0.96,0.03,1000
0.96,0.04,1000
0.96,0.05,1000
0.96,0.06,1000
0.96,0.07,1000
0.96,0.08,1000
0.96,0.09,1000
0.96,0.1,1000
0.96,0.11,1000
0.96,0.12,1000
0.96,0.13,1000
0.96,0.14,1000
0.96,0.15,1000
0.96,0.16,1000
0.96,0.17,1000
0.96,0.18,1000
0.96,0.19,1000
0.96,0.2,1000
0.96,0.21,1000
0.96,0.22,1000
0.96,0.23,1000
0.96,0.24,1000
0.96,0.25,1000
0.96,0.26,1000
0.96,0.27,1000
0.96,0.28,1000
0.96,0.29,1000
0.96,0.3,1000
0.96,0.31,1000
0.96,0.32,1000
0.96,0.33,1000
0.96,0.34,1000
0.96,0.35,1000
0.96,0.36,1000
0.96,0.37,16.25
0.96,0.38,11.5
0.96,0.39,9.15
0.96,0.4,8.15
0.96,0.41,7.45
0.96,0.42,7
0.96,0.43,6.5
0.96,0.44,6
0.96,0.45,6
0.96,0.46,5.8
0.96,0.47,5
0.96,0.48,5
0.96,0.49,5
0.96,0.5,5
0.96,0.51,4.95
0.96,0.52,4.55
0.96,0.53,4
0.96,0.54,4
0.96,0.55,4
0.96,0.56,4
0.96,0.57,4
0.96,0.58,4
0.96,0.59,4
0.96,0.6,4
0.97,0,1000
0.97,0.01,1000
0.97,0.02,1000
0.97,0.03,1000
0.97,0.04,1000
0.97,0.05,1000
0.97,0.06,1000
0.97,0.07,1000
0.97,0.08,1000
0.97,0.09,1000
0.97,0.1,1000
0.97,0.11,1000
0.97,0.12,1000
0.97,0.13,1000
0.97,0.14,1000
0.97,0.15,1000
0.97,0.16,1000
0.97,0.17,1000
0.97,0.18,1000
0.97,0.19,1000
0.97,0.2,1000
0.97,0.21,1000
0.97,0.22,1000
0.97,0.23,1000
0.97,0.24,1000
0.97,0.25,1000
0.97,0.26,1000
0.97,0.27,1000
0.97,0.28,1000
0.97,0.29,1000
0.97,0.3,1000
0.97,0.31,1000
0.97,0.32,1000
0.97,0.33,1000
0.97,0.34,1000
0.97,0.35,1000
0.97,0.36,18
0.97,0.37,14.222
0.97,0.38,9.85
0.97,0.39,8.45
0.97,0.4,7.95
0.97,0.41,7
0.97,0.42,6.9
0.97,0.43,6.05
0.97,0.44,6
0.97,0.45,5.9
0.97,0.46,5.35
0.97,0.47,5
0.97,0.48,5
0.97,0.49,5
0.97,0.5,5
0.97,0.51,4.8
0.97,0.52,4.1
0.97,0.53,4
0.97,0.54,4
0.97,0.55,4
0.97,0.56,4
0.97,0.57,4
0.97,0.58,4
0.97,0.59,4
0.97,0.6,4
0.98,0,1000
0.98,0.01,1000
0.98,0.02,1000
0.98,0.03,1000
0.98,0.04,1000
0.98,0.05,1000
0.98,0.06,1000
0.98,0.07,1000
0.98,0.08,1000
0.98,0.09,1000
0.98,0.1,1000
0.98,0.11,1000
0.98,0.12,1000
0.98,0.13,1000
0.98,0.14,1000
0.98,0.15,1000
0.98,0.16,1000
0.98,0.17,1000
0.98,0.18,1000
0.98,0.19,1000
0.98,0.2,1000
0.98,0.21,1000
0.98,0.22,1000
0.98,0.23,1000
0.98,0.24,1000
0.98,0.25,1000
0.98,0.26,1000
0.98,0.27,1000
0.98,0.28,1000
0.98,0.29,1000
0.98,0.3,1000
0.98,0.31,1000
0.98,0.32,1000
0.98,0.33,1000
0.98,0.34,1000
0.98,0.35,1000
0.98,0.36,14.444
0.98,0.37,10.75
0.98,0.38,8.95
0.98,0.39,8.05
0.98,0.4,7.2
0.98,0.41,7
0.98,0.42,6.3
0.98,0.43,6
0.98,0.44,6
0.98,0.45,5.65
0.98,0.46,5
0.98,0.47,5
0.98,0.48,5
0.98,0.49,5
0.98,0.5,5
0.98,0.51,4.5
0.98,0.52,4
0.98,0.53,4
0.98,0.54,4
0.98,0.55,4
0.98,0.56,4
0.98,0.57,4
0.98,0.58,4
0.98,0.59,4
0.98,0.6,3.7
0.99,0,1000
0.99,0.01,1000
0.99,0.02,1000
0.99,0.03,1000
0.99,0.04,1000
0.99,0.05,1000
0.99,0.06,1000
0.99,0.07,1000
0.99,0.08,1000
0.99,0.09,1000
0.99,0.1,1000
0.99,0.11,1000
0.99,0.12,1000
0.99,0.13,1000
0.99,0.14,1000
0.99,0.15,1000
0.99,0.16,1000
0.99,0.17,1000
0.99,0.18,1000
0.99,0.19,1000
0.99,0.2,1000
0.99,0.21,1000
0.99,0.22,1000
0.99,0.23,1000
0.99,0.24,1000
0.99,0.25,1000
0.99,0.26,1000
0.99,0.27,1000
0.99,0.28,1000
0.99,0.29,1000
0.99,0.3,1000
0.99,0.31,1000
0.99,0.32,1000
0.99,0.33,1000
0.99,0.34,1000
0.99,0.35,14.5
0.99,0.36,12.333
0.99,0.37,9.75
0.99,0.38,8.4
0.99,0.39,7.7
0.99,0.4,7
0.99,0.41,6.95
0.99,0.42,6
0.99,0.43,6
0.99,0.44,6
0.99,0.45,5.35
0.99,0.46,5
0.99,0.47,5
0.99,0.48,5
0.99,0.49,5
0.99,0.5,4.9
0.99,0.51,4.1
0.99,0.52,4.05
0.99,0.53,4
0.99,0.54,4
0.99,0.55,4
0.99,0.56,4
0.99,0.57,4
0.99,0.58,4
0.99,0.59,3.9
0.99,0.6,3.15
1,0,1000
1,0.01,1000
1,0.02,1000
1,0.03,1000
1,0.04,1000
1,0.05,1000
1,0.06,1000
1,0.07,1000
1,0.08,1000
1,0.09,1000
1,0.1,1000
1,0.11,1000
1,0.12,1000
1,0.13,1000
1,0.14,1000
1,0.15,1000
1,0.16,1000
1,0.17,1000
1,0.18,1000
1,0.19,1000
1,0.2,1000
1,0.21,1000
1,0.22,1000
1,0.23,1000
1,0.24,1000
1,0.25,1000
1,0.26,1000
1,0.27,1000
1,0.28,1000
1,0.29,1000
1,0.3,1000
1,0.31,1000
1,0.32,1000
1,0.33,1000
1,0.34,1000
1,0.35,14.364
1,0.36,10.35
1,0.37,9.05
1,0.38,8
1,0.39,7.1
1,0.4,7
1,0.41,6.2
1,0.42,6
1,0.43,6
1,0.44,5.8
1,0.45,5
1,0.46,5
1,0.47,5
1,0.48,5
1,0.49,5
1,0.5,4.45
1,0.51,4
1,0.52,4
1,0.53,4
1,0.54,4
1,0.55,4
1,0.56,4
1,0.57,4
1,0.58,4
1,0.59,3.6
1,0.6,3.2
